{"cameraMode":{"drawMode":0,"name":"Shaded","section":"Shading Mode"},"sceneLighting":false,"audioPlay":false,"sceneViewState":{"showFog":true,"showMaterialUpdate":false,"showSkybox":false,"showFlares":true,"showImageEffects":true,"showParticleSystems":true},"in2DMode":false,"pivot":{"x":-0.009340360760688782,"y":0.5070675015449524,"z":-0.004907459020614624},"rotation":{"x":0.031336862593889239,"y":0.924884557723999,"z":-0.07816202193498612,"w":0.37080663442611697},"size":0.8223656415939331,"orthographic":false}