{"cameraMode":{"drawMode":0,"name":"Shaded","section":"Shading Mode"},"sceneLighting":false,"audioPlay":false,"sceneViewState":{"showFog":true,"showMaterialUpdate":false,"showSkybox":false,"showFlares":true,"showImageEffects":true,"showParticleSystems":true},"in2DMode":false,"pivot":{"x":61.603355407714847,"y":-1.950033187866211,"z":65.63993072509766},"rotation":{"x":0.00048281557974405587,"y":0.9987630248069763,"z":0.04886917397379875,"w":-0.009888581931591034},"size":0.23052921891212464,"orthographic":false}