{"cameraMode":{"drawMode":0,"name":"Shaded","section":"Shading Mode"},"sceneLighting":true,"audioPlay":false,"sceneViewState":{"showFog":true,"showMaterialUpdate":false,"showSkybox":true,"showFlares":true,"showImageEffects":true,"showParticleSystems":true},"in2DMode":false,"pivot":{"x":197.86355590820313,"y":220.9400634765625,"z":194.01565551757813},"rotation":{"x":0.06703343987464905,"y":0.9272050261497498,"z":-0.20140893757343293,"w":0.30860117077827456},"size":21.522911071777345,"orthographic":false}