{"cameraMode":{"drawMode":0,"name":"Shaded","section":"Shading Mode"},"sceneLighting":false,"audioPlay":false,"sceneViewState":{"showFog":true,"showMaterialUpdate":false,"showSkybox":false,"showFlares":true,"showImageEffects":true,"showParticleSystems":true},"in2DMode":false,"pivot":{"x":61.28373718261719,"y":-1.916038990020752,"z":65.4671401977539},"rotation":{"x":-0.08023642003536225,"y":0.9122835993766785,"z":-0.21631065011024476,"w":-0.33839479088783266},"size":0.3886198401451111,"orthographic":false}