{"cameraMode":{"drawMode":0,"name":"Shaded","section":"Shading Mode"},"sceneLighting":true,"audioPlay":false,"sceneViewState":{"showFog":true,"showMaterialUpdate":false,"showSkybox":true,"showFlares":true,"showImageEffects":true,"showParticleSystems":true},"in2DMode":false,"pivot":{"x":2.0889663696289064,"y":-0.24842262268066407,"z":1.276871681213379},"rotation":{"x":0.20402272045612336,"y":0.3421683609485626,"z":-0.07637642323970795,"w":0.9140452742576599},"size":31.274658203125,"orthographic":false}