{"cameraMode":{"drawMode":0,"name":"Shaded","section":"Shading Mode"},"sceneLighting":true,"audioPlay":false,"sceneViewState":{"showFog":true,"showMaterialUpdate":false,"showSkybox":true,"showFlares":true,"showImageEffects":true,"showParticleSystems":true},"in2DMode":false,"pivot":{"x":-243.42999267578126,"y":-44.630859375,"z":45.84407424926758},"rotation":{"x":-0.21715307235717774,"y":0.5300946831703186,"z":-0.1426127701997757,"w":-0.8071644306182861},"size":73.91890716552735,"orthographic":false}