{"cameraMode":{"drawMode":0,"name":"Shaded","section":"Shading Mode"},"sceneLighting":false,"audioPlay":false,"sceneViewState":{"showFog":true,"showMaterialUpdate":false,"showSkybox":false,"showFlares":true,"showImageEffects":true,"showParticleSystems":true},"in2DMode":false,"pivot":{"x":-5.0092244148254398,"y":-2.018686294555664,"z":-13.394107818603516},"rotation":{"x":-0.207498699426651,"y":0.4846113920211792,"z":-0.11952181905508042,"w":-0.8413158059120178},"size":0.47320520877838137,"orthographic":false}