{"cameraMode":{"drawMode":0,"name":"Shaded","section":"Shading Mode"},"sceneLighting":true,"audioPlay":false,"sceneViewState":{"showFog":true,"showMaterialUpdate":false,"showSkybox":true,"showFlares":true,"showImageEffects":true,"showParticleSystems":true},"in2DMode":false,"pivot":{"x":-4.713854789733887,"y":16.068307876586915,"z":-43.021156311035159},"rotation":{"x":-0.05051979422569275,"y":0.17229925096035005,"z":0.010810382664203644,"w":0.9839735627174377},"size":21.7335262298584,"orthographic":false}