{"cameraMode":{"drawMode":0,"name":"Shaded","section":"Shading Mode"},"sceneLighting":true,"audioPlay":false,"sceneViewState":{"showFog":true,"showMaterialUpdate":false,"showSkybox":true,"showFlares":true,"showImageEffects":true,"showParticleSystems":true},"in2DMode":false,"pivot":{"x":-72.19083404541016,"y":52.098411560058597,"z":-56.792144775390628},"rotation":{"x":0.039640430361032489,"y":-0.8617886900901794,"z":0.06842926144599915,"w":0.5011258125305176},"size":16.583072662353517,"orthographic":false}