{"cameraMode":{"drawMode":0,"name":"Shaded","section":"Shading Mode"},"sceneLighting":false,"audioPlay":false,"sceneViewState":{"showFog":true,"showMaterialUpdate":false,"showSkybox":false,"showFlares":true,"showImageEffects":true,"showParticleSystems":true},"in2DMode":false,"pivot":{"x":-8.335593223571778,"y":-0.12249959260225296,"z":-18.343961715698243},"rotation":{"x":0.2124987244606018,"y":0.2205304056406021,"z":-0.04911411553621292,"w":0.9507119059562683},"size":15.663408279418946,"orthographic":false}