{"cameraMode":{"drawMode":0,"name":"Shaded","section":"Shading Mode"},"sceneLighting":true,"audioPlay":false,"sceneViewState":{"showFog":true,"showMaterialUpdate":false,"showSkybox":true,"showFlares":true,"showImageEffects":true,"showParticleSystems":true},"in2DMode":false,"pivot":{"x":-538.6663818359375,"y":-185.74957275390626,"z":455.8887023925781},"rotation":{"x":-0.12011321634054184,"y":0.3167344927787781,"z":-0.04071458429098129,"w":-0.94004887342453},"size":375.93389892578127,"orthographic":false}