{"cameraMode":{"drawMode":0,"name":"Shaded","section":"Shading Mode"},"sceneLighting":false,"audioPlay":false,"sceneViewState":{"showFog":true,"showMaterialUpdate":false,"showSkybox":false,"showFlares":true,"showImageEffects":true,"showParticleSystems":true},"in2DMode":false,"pivot":{"x":-1.0925877094268799,"y":0.9237673878669739,"z":0.11709816008806229},"rotation":{"x":-0.0881490707397461,"y":-0.9109897017478943,"z":0.26148536801338198,"w":-0.30662450194358828},"size":0.7105552554130554,"orthographic":false}