{"cameraMode":{"drawMode":0,"name":"Shaded","section":"Shading Mode"},"sceneLighting":false,"audioPlay":false,"sceneViewState":{"showFog":true,"showMaterialUpdate":false,"showSkybox":false,"showFlares":true,"showImageEffects":true,"showParticleSystems":true},"in2DMode":false,"pivot":{"x":0.9187204241752625,"y":14.286598205566407,"z":-0.504274308681488},"rotation":{"x":0.18613004684448243,"y":-0.4085436463356018,"z":0.0856858417391777,"w":0.8894720673561096},"size":0.8660253882408142,"orthographic":false}