{"cameraMode":{"drawMode":0,"name":"Shaded","section":"Shading Mode"},"sceneLighting":false,"audioPlay":false,"sceneViewState":{"showFog":true,"showMaterialUpdate":false,"showSkybox":false,"showFlares":true,"showImageEffects":true,"showParticleSystems":true},"in2DMode":false,"pivot":{"x":-8.495803833007813,"y":-0.46675431728363039,"z":-18.35773277282715},"rotation":{"x":0.1748197078704834,"y":-0.08267684280872345,"z":0.014901349321007729,"w":0.9810367822647095},"size":0.010705521330237389,"orthographic":false}