{"cameraMode":{"drawMode":0,"name":"Shaded","section":"Shading Mode"},"sceneLighting":false,"audioPlay":false,"sceneViewState":{"showFog":true,"showMaterialUpdate":false,"showSkybox":false,"showFlares":true,"showImageEffects":true,"showParticleSystems":true},"in2DMode":false,"pivot":{"x":-49.133018493652347,"y":0.8769400119781494,"z":-48.19135284423828},"rotation":{"x":0.1209259033203125,"y":-0.28327813744544985,"z":0.03619737550616264,"w":0.9507203102111816},"size":1.7350176572799683,"orthographic":false}