{"cameraMode":{"drawMode":0,"name":"Shaded","section":"Shading Mode"},"sceneLighting":false,"audioPlay":false,"sceneViewState":{"showFog":true,"showMaterialUpdate":false,"showSkybox":false,"showFlares":true,"showImageEffects":true,"showParticleSystems":true},"in2DMode":false,"pivot":{"x":0.0,"y":14.251458168029786,"z":0.0000010728836059570313},"rotation":{"x":0.18546877801418305,"y":-0.05605039373040199,"z":0.01077307853847742,"w":0.9810187220573425},"size":1.9978677034378052,"orthographic":false}