{"cameraMode":{"drawMode":0,"name":"Shaded","section":"Shading Mode"},"sceneLighting":true,"audioPlay":false,"sceneViewState":{"showFog":true,"showMaterialUpdate":false,"showSkybox":true,"showFlares":true,"showImageEffects":true,"showParticleSystems":true},"in2DMode":false,"pivot":{"x":-52.52620315551758,"y":22.785802841186525,"z":-19.642641067504884},"rotation":{"x":-0.019906895235180856,"y":-0.12941285967826844,"z":0.0024735755287110807,"w":-0.9913960695266724},"size":2.4248688220977785,"orthographic":false}