{"cameraMode":{"drawMode":0,"name":"Shaded","section":"Shading Mode"},"sceneLighting":true,"audioPlay":false,"sceneViewState":{"showFog":true,"showMaterialUpdate":false,"showSkybox":true,"showFlares":true,"showImageEffects":true,"showParticleSystems":true},"in2DMode":false,"pivot":{"x":72.7166519165039,"y":-3.05558180809021,"z":153.24290466308595},"rotation":{"x":0.012829839251935482,"y":0.8390644788742065,"z":-0.019523875787854196,"w":0.543635904788971},"size":39.74065017700195,"orthographic":false}