{"cameraMode":{"drawMode":0,"name":"Shaded","section":"Shading Mode"},"sceneLighting":true,"audioPlay":false,"sceneViewState":{"showFog":true,"showMaterialUpdate":false,"showSkybox":true,"showFlares":true,"showImageEffects":true,"showParticleSystems":true},"in2DMode":false,"pivot":{"x":0.016942910850048066,"y":0.0705675333738327,"z":-0.34765625},"rotation":{"x":0.011328360065817833,"y":-0.06305932998657227,"z":0.0008890017052181065,"w":0.997972309589386},"size":7.432042121887207,"orthographic":false}