{"cameraMode":{"drawMode":0,"name":"Shaded","section":"Shading Mode"},"sceneLighting":false,"audioPlay":false,"sceneViewState":{"showFog":true,"showMaterialUpdate":false,"showSkybox":false,"showFlares":true,"showImageEffects":true,"showParticleSystems":true},"in2DMode":false,"pivot":{"x":-8.523414611816407,"y":-0.4413447678089142,"z":-18.04877471923828},"rotation":{"x":0.011328360065817833,"y":-0.06305932998657227,"z":0.0008890017052181065,"w":0.997972309589386},"size":0.6390918493270874,"orthographic":false}