{"cameraMode":{"drawMode":0,"name":"Shaded","section":"Shading Mode"},"sceneLighting":true,"audioPlay":false,"sceneViewState":{"showFog":true,"showMaterialUpdate":false,"showSkybox":true,"showFlares":true,"showImageEffects":true,"showParticleSystems":true},"in2DMode":false,"pivot":{"x":31.16392707824707,"y":63.353607177734378,"z":-46.97410202026367},"rotation":{"x":-0.34436047077178957,"y":0.1142292320728302,"z":-0.04225614294409752,"w":-0.9309059381484985},"size":10.0,"orthographic":false}