{"cameraMode":{"drawMode":0,"name":"Shaded","section":"Shading Mode"},"sceneLighting":true,"audioPlay":false,"sceneViewState":{"showFog":true,"showMaterialUpdate":false,"showSkybox":true,"showFlares":true,"showImageEffects":true,"showParticleSystems":true},"in2DMode":false,"pivot":{"x":-11.374717712402344,"y":-5.0059661865234379,"z":77.02769470214844},"rotation":{"x":-0.17478695511817933,"y":0.7690004110336304,"z":-0.23687703907489777,"w":-0.5674300789833069},"size":30.68215560913086,"orthographic":false}