{"cameraMode":{"drawMode":0,"name":"Shaded","section":"Shading Mode"},"sceneLighting":true,"audioPlay":false,"sceneViewState":{"showFog":true,"showMaterialUpdate":false,"showSkybox":true,"showFlares":true,"showImageEffects":true,"showParticleSystems":true},"in2DMode":false,"pivot":{"x":57.02313995361328,"y":34.88852310180664,"z":-64.48442077636719},"rotation":{"x":-0.09014983475208283,"y":0.028974784538149835,"z":-0.0026241594459861519,"w":-0.9955123662948608},"size":36.332237243652347,"orthographic":false}