{"cameraMode":{"drawMode":0,"name":"Shaded","section":"Shading Mode"},"sceneLighting":true,"audioPlay":false,"sceneViewState":{"showFog":true,"showMaterialUpdate":false,"showSkybox":true,"showFlares":true,"showImageEffects":true,"showParticleSystems":true},"in2DMode":false,"pivot":{"x":16.224939346313478,"y":-8.291398048400879,"z":5.596462249755859},"rotation":{"x":-0.2714373469352722,"y":-0.49075913429260256,"z":0.16422419250011445,"w":-0.8115473389625549},"size":12.765739440917969,"orthographic":false}