{"cameraMode":{"drawMode":0,"name":"Shaded","section":"Shading Mode"},"sceneLighting":false,"audioPlay":false,"sceneViewState":{"showFog":true,"showMaterialUpdate":false,"showSkybox":true,"showFlares":true,"showImageEffects":true,"showParticleSystems":true},"in2DMode":false,"pivot":{"x":-11.088138580322266,"y":7.110767841339111,"z":107.76554870605469},"rotation":{"x":-0.2882443964481354,"y":-0.5305973291397095,"z":0.19810843467712403,"w":-0.7721183896064758},"size":105.64717864990235,"orthographic":false}