{"cameraMode":{"drawMode":0,"name":"Shaded","section":"Shading Mode"},"sceneLighting":false,"audioPlay":false,"sceneViewState":{"showFog":true,"showMaterialUpdate":false,"showSkybox":false,"showFlares":true,"showImageEffects":true,"showParticleSystems":true},"in2DMode":false,"pivot":{"x":12.020123481750489,"y":58.71428680419922,"z":-37.77815246582031},"rotation":{"x":-0.2090008407831192,"y":0.6603637337684631,"z":-0.19908390939235688,"w":-0.6932641267776489},"size":0.9354143738746643,"orthographic":false}