{"cameraMode":{"drawMode":0,"name":"Shaded","section":"Shading Mode"},"sceneLighting":false,"audioPlay":false,"sceneViewState":{"showFog":true,"showMaterialUpdate":false,"showSkybox":false,"showFlares":true,"showImageEffects":true,"showParticleSystems":true},"in2DMode":false,"pivot":{"x":12.020123481750489,"y":58.71428680419922,"z":-37.77815246582031},"rotation":{"x":-0.24905908107757569,"y":0.4548657536506653,"z":-0.13415895402431489,"w":-0.8444351553916931},"size":1.2354143857955933,"orthographic":false}