{"cameraMode":{"drawMode":0,"name":"Shaded","section":"Shading Mode"},"sceneLighting":true,"audioPlay":false,"sceneViewState":{"showFog":true,"showMaterialUpdate":false,"showSkybox":true,"showFlares":true,"showImageEffects":true,"showParticleSystems":true},"in2DMode":false,"pivot":{"x":0.36179304122924807,"y":5.381073951721191,"z":37.366912841796878},"rotation":{"x":-0.2090008407831192,"y":0.6603637337684631,"z":-0.19908390939235688,"w":-0.6932641267776489},"size":1.105979561805725,"orthographic":false}