{"cameraMode":{"drawMode":0,"name":"Shaded","section":"Shading Mode"},"sceneLighting":true,"audioPlay":false,"sceneViewState":{"showFog":true,"showMaterialUpdate":false,"showSkybox":true,"showFlares":true,"showImageEffects":true,"showParticleSystems":true},"in2DMode":false,"pivot":{"x":16.963531494140626,"y":0.30050307512283327,"z":82.88925170898438},"rotation":{"x":0.4284210503101349,"y":-0.04740157723426819,"z":0.02251223661005497,"w":0.9020564556121826},"size":9.744863510131836,"orthographic":true}