{"cameraMode":{"drawMode":0,"name":"Shaded","section":"Shading Mode"},"sceneLighting":false,"audioPlay":false,"sceneViewState":{"showFog":true,"showMaterialUpdate":false,"showSkybox":false,"showFlares":true,"showImageEffects":true,"showParticleSystems":true},"in2DMode":false,"pivot":{"x":-16.379173278808595,"y":-9.475494384765625,"z":19.84766387939453},"rotation":{"x":-0.21466626226902009,"y":0.7720979452133179,"z":-0.3340272903442383,"w":-0.49619773030281069},"size":3.950971841812134,"orthographic":false}