{"cameraMode":{"drawMode":0,"name":"Shaded","section":"Shading Mode"},"sceneLighting":false,"audioPlay":false,"sceneViewState":{"showFog":true,"showMaterialUpdate":false,"showSkybox":false,"showFlares":true,"showImageEffects":true,"showParticleSystems":true},"in2DMode":false,"pivot":{"x":61.412200927734378,"y":43.50095748901367,"z":-116.83331298828125},"rotation":{"x":-0.5047471523284912,"y":-0.0966891273856163,"z":0.057029590010643008,"w":-0.8559451699256897},"size":0.8660253882408142,"orthographic":false}