{"cameraMode":{"drawMode":0,"name":"Shaded","section":"Shading Mode"},"sceneLighting":true,"audioPlay":false,"sceneViewState":{"showFog":true,"showMaterialUpdate":false,"showSkybox":true,"showFlares":true,"showImageEffects":true,"showParticleSystems":true},"in2DMode":false,"pivot":{"x":0.024477005004882814,"y":0.6499999761581421,"z":83.69939422607422},"rotation":{"x":0.19225870072841645,"y":-0.708451509475708,"z":0.21102546155452729,"w":0.6454497575759888},"size":33.03689193725586,"orthographic":false}