{"cameraMode":{"drawMode":0,"name":"Shaded","section":"Shading Mode"},"sceneLighting":true,"audioPlay":false,"sceneViewState":{"showFog":true,"showMaterialUpdate":false,"showSkybox":true,"showFlares":true,"showImageEffects":true,"showParticleSystems":true},"in2DMode":false,"pivot":{"x":16.82347297668457,"y":-4.846595287322998,"z":16.366397857666017},"rotation":{"x":0.16397525370121003,"y":0.3252764940261841,"z":-0.05739767104387283,"w":0.9295632243156433},"size":9.679283142089844,"orthographic":false}