{"cameraMode":{"drawMode":0,"name":"Shaded","section":"Shading Mode"},"sceneLighting":true,"audioPlay":false,"sceneViewState":{"showFog":true,"showMaterialUpdate":false,"showSkybox":true,"showFlares":true,"showImageEffects":true,"showParticleSystems":true},"in2DMode":false,"pivot":{"x":0.3943297863006592,"y":2.079174518585205,"z":2.3486738204956056},"rotation":{"x":0.3538663983345032,"y":-0.4678994417190552,"z":0.21182911098003388,"w":0.7816576361656189},"size":14.613866806030274,"orthographic":false}