{"cameraMode":{"drawMode":0,"name":"Shaded","section":"Shading Mode"},"sceneLighting":true,"audioPlay":false,"sceneViewState":{"showFog":true,"showMaterialUpdate":false,"showSkybox":true,"showFlares":true,"showImageEffects":true,"showParticleSystems":true},"in2DMode":false,"pivot":{"x":27.393871307373048,"y":20.107669830322267,"z":-0.0835409164428711},"rotation":{"x":0.23283728957176209,"y":-0.5811620354652405,"z":0.1782558411359787,"w":0.7591262459754944},"size":7.728489875793457,"orthographic":false}