{"cameraMode":{"drawMode":0,"name":"Shaded","section":"Shading Mode"},"sceneLighting":false,"audioPlay":false,"sceneViewState":{"showFog":true,"showMaterialUpdate":false,"showSkybox":true,"showFlares":true,"showImageEffects":true,"showParticleSystems":true},"in2DMode":false,"pivot":{"x":-119.43980407714844,"y":83.39237976074219,"z":-5.216987609863281},"rotation":{"x":0.36305052042007449,"y":0.5121810436248779,"z":-0.2525705099105835,"w":0.7362866401672363},"size":25.93857192993164,"orthographic":false}