{"cameraMode":{"drawMode":0,"name":"Shaded","section":"Shading Mode"},"sceneLighting":true,"audioPlay":false,"sceneViewState":{"showFog":true,"showMaterialUpdate":false,"showSkybox":true,"showFlares":true,"showImageEffects":true,"showParticleSystems":true},"in2DMode":false,"pivot":{"x":-4.55985164642334,"y":4.775240421295166,"z":-3.3901519775390627},"rotation":{"x":0.04558930546045303,"y":-0.8807980418205261,"z":0.0866987407207489,"w":0.4632876515388489},"size":3.5615057945251467,"orthographic":false}