{"cameraMode":{"drawMode":0,"name":"Shaded","section":"Shading Mode"},"sceneLighting":true,"audioPlay":false,"sceneViewState":{"showFog":true,"showMaterialUpdate":false,"showSkybox":true,"showFlares":true,"showImageEffects":true,"showParticleSystems":true},"in2DMode":false,"pivot":{"x":3.364223003387451,"y":1.8933602571487427,"z":-8.886672973632813},"rotation":{"x":0.18383541703224183,"y":-0.05910784378647804,"z":0.009944773279130459,"w":0.9814469218254089},"size":13.137672424316407,"orthographic":false}