{"cameraMode":{"drawMode":0,"name":"Shaded","section":"Shading Mode"},"sceneLighting":false,"audioPlay":false,"sceneViewState":{"showFog":true,"showMaterialUpdate":false,"showSkybox":false,"showFlares":true,"showImageEffects":true,"showParticleSystems":true},"in2DMode":false,"pivot":{"x":-0.18707023561000825,"y":1.0440354347229005,"z":-0.6261302828788757},"rotation":{"x":0.5312994718551636,"y":0.017245134338736535,"z":-0.012130225077271462,"w":0.8472936749458313},"size":0.6715883016586304,"orthographic":false}