{"cameraMode":{"drawMode":0,"name":"Shaded","section":"Shading Mode"},"sceneLighting":true,"audioPlay":false,"sceneViewState":{"showFog":true,"showMaterialUpdate":false,"showSkybox":true,"showFlares":true,"showImageEffects":true,"showParticleSystems":true},"in2DMode":false,"pivot":{"x":12.544772148132325,"y":16.020709991455079,"z":11.290979385375977},"rotation":{"x":0.31655943393707278,"y":-0.6642962694168091,"z":0.37000399827957156,"w":0.5673403143882752},"size":3.185878038406372,"orthographic":false}