{"cameraMode":{"drawMode":0,"name":"Shaded","section":"Shading Mode"},"sceneLighting":true,"audioPlay":false,"sceneViewState":{"showFog":true,"showMaterialUpdate":false,"showSkybox":true,"showFlares":true,"showImageEffects":true,"showParticleSystems":true},"in2DMode":false,"pivot":{"x":-117.27073669433594,"y":0.825251042842865,"z":26.31532859802246},"rotation":{"x":0.2068396359682083,"y":-0.2784196436405182,"z":0.05636756494641304,"w":0.9362812042236328},"size":66.81349182128906,"orthographic":false}