{"cameraMode":{"drawMode":0,"name":"Shaded","section":"Shading Mode"},"sceneLighting":false,"audioPlay":false,"sceneViewState":{"showFog":true,"showMaterialUpdate":true,"showSkybox":false,"showFlares":true,"showImageEffects":true,"showParticleSystems":true},"in2DMode":false,"pivot":{"x":1.2910301685333253,"y":16.673355102539064,"z":0.3921145796775818},"rotation":{"x":0.3291582465171814,"y":-0.5993599891662598,"z":0.29575663805007937,"w":0.6670476198196411},"size":1.1570544242858887,"orthographic":false}