{"cameraMode":{"drawMode":0,"name":"Shaded","section":"Shading Mode"},"sceneLighting":false,"audioPlay":false,"sceneViewState":{"showFog":true,"showMaterialUpdate":false,"showSkybox":false,"showFlares":true,"showImageEffects":true,"showParticleSystems":true},"in2DMode":false,"pivot":{"x":-2.580009698867798,"y":0.37323862314224245,"z":-24.852182388305665},"rotation":{"x":0.29476454854011538,"y":-0.3663167953491211,"z":0.1188335120677948,"w":0.8745310306549072},"size":0.842851996421814,"orthographic":false}