{"cameraMode":{"drawMode":0,"name":"Shaded","section":"Shading Mode"},"sceneLighting":false,"audioPlay":false,"sceneViewState":{"showFog":true,"showMaterialUpdate":true,"showSkybox":false,"showFlares":true,"showImageEffects":true,"showParticleSystems":true},"in2DMode":false,"pivot":{"x":61.27725601196289,"y":-1.9158966541290284,"z":65.4671401977539},"rotation":{"x":-0.22168594598770142,"y":-0.09897603839635849,"z":0.022581085562705995,"w":-0.9698967337608337},"size":0.23052921891212464,"orthographic":false}