{"cameraMode":{"drawMode":0,"name":"Shaded","section":"Shading Mode"},"sceneLighting":false,"audioPlay":false,"sceneViewState":{"showFog":true,"showMaterialUpdate":true,"showSkybox":false,"showFlares":true,"showImageEffects":true,"showParticleSystems":true},"in2DMode":false,"pivot":{"x":-28.385149002075197,"y":1.4332115650177003,"z":-0.7304620146751404},"rotation":{"x":0.1679634004831314,"y":-0.6826676726341248,"z":0.16575410962104798,"w":0.6917150616645813},"size":21.534854888916017,"orthographic":false}