{"cameraMode":{"drawMode":0,"name":"Shaded","section":"Shading Mode"},"sceneLighting":true,"audioPlay":false,"sceneViewState":{"showFog":true,"showMaterialUpdate":false,"showSkybox":true,"showFlares":true,"showImageEffects":true,"showParticleSystems":true},"in2DMode":false,"pivot":{"x":63.186378479003909,"y":16.63083839416504,"z":-73.10842895507813},"rotation":{"x":0.294648140668869,"y":-0.5508508682250977,"z":0.21576577425003053,"w":0.7506309747695923},"size":33.720726013183597,"orthographic":false}