{"cameraMode":{"drawMode":0,"name":"Shaded","section":"Shading Mode"},"sceneLighting":true,"audioPlay":false,"sceneViewState":{"showFog":true,"showMaterialUpdate":false,"showSkybox":true,"showFlares":true,"showImageEffects":true,"showParticleSystems":true},"in2DMode":false,"pivot":{"x":-4.90081787109375,"y":-4.11297082901001,"z":-38.298255920410159},"rotation":{"x":-0.3344250023365021,"y":0.06939896196126938,"z":-0.020226681604981424,"w":-0.9402979016304016},"size":73.88285064697266,"orthographic":false}