{"cameraMode":{"drawMode":0,"name":"Shaded","section":"Shading Mode"},"sceneLighting":false,"audioPlay":false,"sceneViewState":{"showFog":true,"showMaterialUpdate":true,"showSkybox":false,"showFlares":true,"showImageEffects":true,"showParticleSystems":true},"in2DMode":false,"pivot":{"x":0.0000010728836059570313,"y":0.3514588177204132,"z":-14.380000114440918},"rotation":{"x":-0.24852460622787476,"y":0.18916137516498567,"z":-0.049617789685726169,"w":-0.9487633109092712},"size":1.9978679418563843,"orthographic":false}