{"cameraMode":{"drawMode":0,"name":"Shaded","section":"Shading Mode"},"sceneLighting":true,"audioPlay":false,"sceneViewState":{"showFog":true,"showMaterialUpdate":false,"showSkybox":true,"showFlares":true,"showImageEffects":true,"showParticleSystems":true},"in2DMode":false,"pivot":{"x":4.141529560089111,"y":15.289976119995118,"z":2.9629364013671877},"rotation":{"x":-0.2235981822013855,"y":-0.023027455434203149,"z":0.009094265289604664,"w":-0.9755255579948425},"size":22.056758880615236,"orthographic":false}