{"cameraMode":{"drawMode":0,"name":"Shaded","section":"Shading Mode"},"sceneLighting":false,"audioPlay":false,"sceneViewState":{"showFog":true,"showMaterialUpdate":true,"showSkybox":false,"showFlares":true,"showImageEffects":true,"showParticleSystems":true},"in2DMode":false,"pivot":{"x":-0.7962733507156372,"y":-0.1750379204750061,"z":-10.768708229064942},"rotation":{"x":-0.02252088114619255,"y":0.9205589294433594,"z":-0.05363887920975685,"w":-0.3864762783050537},"size":1.6672296524047852,"orthographic":false}