{"cameraMode":{"drawMode":0,"name":"Shaded","section":"Shading Mode"},"sceneLighting":false,"audioPlay":false,"sceneViewState":{"showFog":true,"showMaterialUpdate":true,"showSkybox":false,"showFlares":true,"showImageEffects":true,"showParticleSystems":true},"in2DMode":false,"pivot":{"x":50.01142883300781,"y":-33.78852462768555,"z":38.714996337890628},"rotation":{"x":0.081121526658535,"y":-0.8956756591796875,"z":0.3974044919013977,"w":0.18275822699069978},"size":22.239187240600587,"orthographic":false}