{"cameraMode":{"drawMode":0,"name":"Shaded","section":"Shading Mode"},"sceneLighting":false,"audioPlay":false,"sceneViewState":{"showFog":true,"showMaterialUpdate":true,"showSkybox":false,"showFlares":true,"showImageEffects":true,"showParticleSystems":true},"in2DMode":false,"pivot":{"x":0.26555901765823367,"y":14.300886154174805,"z":0.0},"rotation":{"x":-0.16523608565330506,"y":0.47709986567497256,"z":-0.0919007733464241,"w":-0.8583645820617676},"size":1.6291446685791016,"orthographic":false}