{"cameraMode":{"drawMode":0,"name":"Shaded","section":"Shading Mode"},"sceneLighting":true,"audioPlay":false,"sceneViewState":{"showFog":true,"showMaterialUpdate":false,"showSkybox":true,"showFlares":true,"showImageEffects":true,"showParticleSystems":true},"in2DMode":false,"pivot":{"x":-8.233078002929688,"y":-112.16863250732422,"z":-614.8245849609375},"rotation":{"x":-0.00071713823126629,"y":-0.9913333058357239,"z":0.13374100625514985,"w":-0.007112846244126558},"size":507.8299865722656,"orthographic":false}