{"cameraMode":{"drawMode":0,"name":"Shaded","section":"Shading Mode"},"sceneLighting":true,"audioPlay":false,"sceneViewState":{"showFog":true,"showMaterialUpdate":false,"showSkybox":true,"showFlares":true,"showImageEffects":true,"showParticleSystems":true},"in2DMode":false,"pivot":{"x":-88.97642517089844,"y":-44.010581970214847,"z":46.47120666503906},"rotation":{"x":-0.275850385427475,"y":0.587977945804596,"z":-0.22872143983840943,"w":-0.7257652282714844},"size":113.32633209228516,"orthographic":false}