{"cameraMode":{"drawMode":0,"name":"Shaded","section":"Shading Mode"},"sceneLighting":true,"audioPlay":false,"sceneViewState":{"showFog":true,"showMaterialUpdate":true,"showSkybox":true,"showFlares":true,"showImageEffects":true,"showParticleSystems":true},"in2DMode":false,"pivot":{"x":-2.453159809112549,"y":1.5642198324203492,"z":24.987857818603517},"rotation":{"x":-0.07806401699781418,"y":0.1625833362340927,"z":-0.012925115413963795,"w":-0.9836024045944214},"size":5.228562355041504,"orthographic":false}