{"cameraMode":{"drawMode":0,"name":"Shaded","section":"Shading Mode"},"sceneLighting":false,"audioPlay":false,"sceneViewState":{"showFog":true,"showMaterialUpdate":true,"showSkybox":false,"showFlares":true,"showImageEffects":true,"showParticleSystems":true},"in2DMode":false,"pivot":{"x":51.29999923706055,"y":3.0,"z":-19.100000381469728},"rotation":{"x":-0.22168594598770142,"y":-0.09897603839635849,"z":0.022581085562705995,"w":-0.9698967337608337},"size":0.9354143738746643,"orthographic":false}