{"cameraMode":{"drawMode":0,"name":"Shaded","section":"Shading Mode"},"sceneLighting":false,"audioPlay":false,"sceneViewState":{"showFog":true,"showMaterialUpdate":false,"showSkybox":false,"showFlares":true,"showImageEffects":true,"showParticleSystems":true},"in2DMode":false,"pivot":{"x":0.0000010728836059570313,"y":0.3514588177204132,"z":-14.380000114440918},"rotation":{"x":0.18383541703224183,"y":-0.05910784378647804,"z":0.009944773279130459,"w":0.9814469218254089},"size":1.9978679418563843,"orthographic":false}