{"cameraMode":{"drawMode":0,"name":"Shaded","section":"Shading Mode"},"sceneLighting":false,"audioPlay":false,"sceneViewState":{"showFog":true,"showMaterialUpdate":true,"showSkybox":false,"showFlares":true,"showImageEffects":true,"showParticleSystems":true},"in2DMode":false,"pivot":{"x":-10.247217178344727,"y":10.703023910522461,"z":7.780961990356445},"rotation":{"x":-0.16482040286064149,"y":0.3621538281440735,"z":-0.06527483463287354,"w":-0.9151942729949951},"size":10.0,"orthographic":false}