{"cameraMode":{"drawMode":0,"name":"Shaded","section":"Shading Mode"},"sceneLighting":true,"audioPlay":false,"sceneViewState":{"showFog":true,"showMaterialUpdate":false,"showSkybox":true,"showFlares":true,"showImageEffects":true,"showParticleSystems":true},"in2DMode":false,"pivot":{"x":-7.03759765625,"y":-88.32215881347656,"z":11.545547485351563},"rotation":{"x":0.2832164466381073,"y":-0.7214736342430115,"z":0.45491519570350649,"w":0.43865200877189639},"size":145.87269592285157,"orthographic":false}