{"cameraMode":{"drawMode":0,"name":"Shaded","section":"Shading Mode"},"sceneLighting":false,"audioPlay":false,"sceneViewState":{"showFog":true,"showMaterialUpdate":true,"showSkybox":false,"showFlares":true,"showImageEffects":true,"showParticleSystems":true},"in2DMode":false,"pivot":{"x":0.8194886445999146,"y":13.487812995910645,"z":0.25595465302467348},"rotation":{"x":0.004623334854841232,"y":0.6819149851799011,"z":0.004276115447282791,"w":-0.7315179109573364},"size":0.5570544004440308,"orthographic":false}