{"cameraMode":{"drawMode":0,"name":"Shaded","section":"Shading Mode"},"sceneLighting":false,"audioPlay":false,"sceneViewState":{"showFog":true,"showMaterialUpdate":false,"showSkybox":false,"showFlares":true,"showImageEffects":true,"showParticleSystems":true},"in2DMode":false,"pivot":{"x":-6.51666259765625,"y":0.5299999713897705,"z":-15.197795867919922},"rotation":{"x":0.05429709702730179,"y":-0.04127804562449455,"z":-0.0009587937383912504,"w":-0.9979308843612671},"size":1.692032814025879,"orthographic":false}