{"cameraMode":{"drawMode":0,"name":"Shaded","section":"Shading Mode"},"sceneLighting":true,"audioPlay":false,"sceneViewState":{"showFog":true,"showMaterialUpdate":false,"showSkybox":true,"showFlares":true,"showImageEffects":true,"showParticleSystems":true},"in2DMode":false,"pivot":{"x":-238.73849487304688,"y":-107.47883605957031,"z":-331.7423400878906},"rotation":{"x":0.04320179671049118,"y":-0.9449889063835144,"z":0.1196800023317337,"w":0.3013611137866974},"size":219.50404357910157,"orthographic":false}