{"cameraMode":{"drawMode":0,"name":"Shaded","section":"Shading Mode"},"sceneLighting":true,"audioPlay":false,"sceneViewState":{"showFog":true,"showMaterialUpdate":false,"showSkybox":true,"showFlares":true,"showImageEffects":true,"showParticleSystems":true},"in2DMode":false,"pivot":{"x":40.20549774169922,"y":-98.95111083984375,"z":-389.5284423828125},"rotation":{"x":-0.0032749089878052475,"y":-0.9947453141212463,"z":0.09669151157140732,"w":-0.033738501369953158},"size":260.3819885253906,"orthographic":false}