{"cameraMode":{"drawMode":0,"name":"Shaded","section":"Shading Mode"},"sceneLighting":true,"audioPlay":false,"sceneViewState":{"showFog":true,"showMaterialUpdate":false,"showSkybox":true,"showFlares":true,"showImageEffects":true,"showParticleSystems":true},"in2DMode":false,"pivot":{"x":-121.74210357666016,"y":-41.035701751708987,"z":-103.23915100097656},"rotation":{"x":0.0995432585477829,"y":-0.7781589031219482,"z":0.11938661336898804,"w":0.6085991263389587},"size":91.46995544433594,"orthographic":false}