{"cameraMode":{"drawMode":0,"name":"Shaded","section":"Shading Mode"},"sceneLighting":true,"audioPlay":false,"sceneViewState":{"showFog":true,"showMaterialUpdate":false,"showSkybox":true,"showFlares":true,"showImageEffects":true,"showParticleSystems":true},"in2DMode":false,"pivot":{"x":-0.6258057355880737,"y":-4.631779193878174,"z":-0.6548728942871094},"rotation":{"x":0.1286420375108719,"y":0.002975370269268751,"z":-0.00038580724503844976,"w":0.9916873574256897},"size":9.453697204589844,"orthographic":false}