{"cameraMode":{"drawMode":0,"name":"Shaded","section":"Shading Mode"},"sceneLighting":true,"audioPlay":false,"sceneViewState":{"showFog":true,"showMaterialUpdate":false,"showSkybox":true,"showFlares":true,"showImageEffects":true,"showParticleSystems":true},"in2DMode":false,"pivot":{"x":128.8632049560547,"y":35.69669723510742,"z":-299.22406005859377},"rotation":{"x":0.010659869760274887,"y":-0.9410508275032044,"z":-0.029638800770044328,"w":-0.33695173263549807},"size":185.02273559570313,"orthographic":false}