{"cameraMode":{"drawMode":0,"name":"Shaded","section":"Shading Mode"},"sceneLighting":false,"audioPlay":false,"sceneViewState":{"showFog":true,"showMaterialUpdate":false,"showSkybox":false,"showFlares":true,"showImageEffects":true,"showParticleSystems":true},"in2DMode":false,"pivot":{"x":-2.5419394969940187,"y":0.27438831329345705,"z":-27.48241424560547},"rotation":{"x":0.26459088921546938,"y":-0.18985874950885774,"z":0.04891272261738777,"w":0.9442208409309387},"size":1.4337443113327027,"orthographic":false}