{"cameraMode":{"drawMode":0,"name":"Shaded","section":"Shading Mode"},"sceneLighting":false,"audioPlay":false,"sceneViewState":{"showFog":true,"showMaterialUpdate":true,"showSkybox":false,"showFlares":true,"showImageEffects":true,"showParticleSystems":true},"in2DMode":false,"pivot":{"x":1.0218242406845093,"y":15.793150901794434,"z":-3.510281562805176},"rotation":{"x":-0.3702590763568878,"y":-0.07901559770107269,"z":0.031573884189128879,"w":-0.9251098036766052},"size":1.5757761001586915,"orthographic":false}