{"cameraMode":{"drawMode":0,"name":"Shaded","section":"Shading Mode"},"sceneLighting":false,"audioPlay":false,"sceneViewState":{"showFog":true,"showMaterialUpdate":false,"showSkybox":false,"showFlares":true,"showImageEffects":true,"showParticleSystems":true},"in2DMode":false,"pivot":{"x":0.832487165927887,"y":0.4954812228679657,"z":-0.9246463775634766},"rotation":{"x":0.04322410747408867,"y":0.9553458094596863,"z":-0.22550353407859803,"w":0.18768563866615296},"size":1.5715882778167725,"orthographic":false}