{"cameraMode":{"drawMode":0,"name":"Shaded","section":"Shading Mode"},"sceneLighting":false,"audioPlay":false,"sceneViewState":{"showFog":true,"showMaterialUpdate":true,"showSkybox":false,"showFlares":true,"showImageEffects":true,"showParticleSystems":true},"in2DMode":false,"pivot":{"x":-0.2929133176803589,"y":14.126335144042969,"z":1.4553463459014893},"rotation":{"x":0.05600240081548691,"y":0.9281864166259766,"z":-0.15568770468235017,"w":0.33357617259025576},"size":1.1052778959274293,"orthographic":false}