{"cameraMode":{"drawMode":0,"name":"Shaded","section":"Shading Mode"},"sceneLighting":false,"audioPlay":false,"sceneViewState":{"showFog":true,"showMaterialUpdate":false,"showSkybox":false,"showFlares":true,"showImageEffects":true,"showParticleSystems":true},"in2DMode":false,"pivot":{"x":-48.073177337646487,"y":0.8733243942260742,"z":-47.65470886230469},"rotation":{"x":-0.030440092086791993,"y":0.7549319863319397,"z":-0.03512970358133316,"w":-0.6541545391082764},"size":0.4123713970184326,"orthographic":false}