{"cameraMode":{"drawMode":0,"name":"Shaded","section":"Shading Mode"},"sceneLighting":false,"audioPlay":false,"sceneViewState":{"showFog":true,"showMaterialUpdate":true,"showSkybox":false,"showFlares":true,"showImageEffects":true,"showParticleSystems":true},"in2DMode":false,"pivot":{"x":1.619614601135254,"y":0.6106221675872803,"z":-12.185263633728028},"rotation":{"x":-0.14563466608524323,"y":0.2525511085987091,"z":-0.03850143402814865,"w":-0.9558621644973755},"size":0.25588980317115786,"orthographic":false}