{"cameraMode":{"drawMode":0,"name":"Shaded","section":"Shading Mode"},"sceneLighting":false,"audioPlay":false,"sceneViewState":{"showFog":true,"showMaterialUpdate":true,"showSkybox":false,"showFlares":true,"showImageEffects":true,"showParticleSystems":true},"in2DMode":false,"pivot":{"x":3.615139961242676,"y":1.8953149318695069,"z":-17.26631736755371},"rotation":{"x":-0.09133752435445786,"y":0.483203262090683,"z":-0.05081060901284218,"w":-0.8693339824676514},"size":0.25588980317115786,"orthographic":false}