{"cameraMode":{"drawMode":0,"name":"Shaded","section":"Shading Mode"},"sceneLighting":false,"audioPlay":false,"sceneViewState":{"showFog":true,"showMaterialUpdate":true,"showSkybox":false,"showFlares":true,"showImageEffects":true,"showParticleSystems":true},"in2DMode":false,"pivot":{"x":1.2909166812896729,"y":1.9214634895324708,"z":-1.8569687604904175},"rotation":{"x":-0.09382858127355576,"y":0.3799187242984772,"z":-0.0388018861413002,"w":-0.9195149540901184},"size":0.8633923530578613,"orthographic":false}