{"cameraMode":{"drawMode":0,"name":"Shaded","section":"Shading Mode"},"sceneLighting":false,"audioPlay":false,"sceneViewState":{"showFog":true,"showMaterialUpdate":false,"showSkybox":false,"showFlares":true,"showImageEffects":true,"showParticleSystems":true},"in2DMode":false,"pivot":{"x":-2453.14404296875,"y":679.7767944335938,"z":2283.02490234375},"rotation":{"x":0.20120276510715486,"y":-0.5569888949394226,"z":0.13470901548862458,"w":0.794535219669342},"size":14.849452018737793,"orthographic":false}