{"cameraMode":{"drawMode":0,"name":"Shaded","section":"Shading Mode"},"sceneLighting":false,"audioPlay":false,"sceneViewState":{"showFog":true,"showMaterialUpdate":false,"showSkybox":false,"showFlares":true,"showImageEffects":true,"showParticleSystems":true},"in2DMode":false,"pivot":{"x":1.1845805644989014,"y":-0.5026229619979858,"z":-2.2143259048461916},"rotation":{"x":-0.1397354155778885,"y":-0.8270784616470337,"z":0.24243903160095216,"w":-0.4888463616371155},"size":6.7360968589782719,"orthographic":false}