{"cameraMode":{"drawMode":0,"name":"Shaded","section":"Shading Mode"},"sceneLighting":false,"audioPlay":false,"sceneViewState":{"showFog":true,"showMaterialUpdate":true,"showSkybox":false,"showFlares":true,"showImageEffects":true,"showParticleSystems":true},"in2DMode":false,"pivot":{"x":0.17927390336990357,"y":-0.15961295366287232,"z":-10.747976303100586},"rotation":{"x":-0.021378103643655778,"y":0.26843133568763735,"z":-0.005993066355586052,"w":-0.9631192684173584},"size":0.7473067045211792,"orthographic":false}