{"cameraMode":{"drawMode":0,"name":"Shaded","section":"Shading Mode"},"sceneLighting":true,"audioPlay":false,"sceneViewState":{"showFog":true,"showMaterialUpdate":false,"showSkybox":true,"showFlares":true,"showImageEffects":true,"showParticleSystems":true},"in2DMode":false,"pivot":{"x":13.35429573059082,"y":2.8890140056610109,"z":988.0962524414063},"rotation":{"x":-0.001492766197770834,"y":0.006848043296486139,"z":0.00006133781425887719,"w":1.0002185106277466},"size":499.17877197265627,"orthographic":false}