{"cameraMode":{"drawMode":0,"name":"Shaded","section":"Shading Mode"},"sceneLighting":false,"audioPlay":false,"sceneViewState":{"showFog":true,"showMaterialUpdate":true,"showSkybox":false,"showFlares":true,"showImageEffects":true,"showParticleSystems":true},"in2DMode":false,"pivot":{"x":0.04152105748653412,"y":-0.18472015857696534,"z":-0.8233873248100281},"rotation":{"x":-0.14563466608524323,"y":0.2525511085987091,"z":-0.03850143402814865,"w":-0.9558621644973755},"size":0.7657933235168457,"orthographic":false}