{"cameraMode":{"drawMode":0,"name":"Shaded","section":"Shading Mode"},"sceneLighting":false,"audioPlay":false,"sceneViewState":{"showFog":true,"showMaterialUpdate":true,"showSkybox":false,"showFlares":true,"showImageEffects":true,"showParticleSystems":true},"in2DMode":false,"pivot":{"x":-0.063103087246418,"y":14.66996955871582,"z":0.057692110538482669},"rotation":{"x":0.2259681075811386,"y":0.05580894276499748,"z":0.01292959414422512,"w":-0.972532331943512},"size":0.5570544004440308,"orthographic":false}