{"cameraMode":{"drawMode":0,"name":"Shaded","section":"Shading Mode"},"sceneLighting":false,"audioPlay":false,"sceneViewState":{"showFog":true,"showMaterialUpdate":true,"showSkybox":false,"showFlares":true,"showImageEffects":true,"showParticleSystems":true},"in2DMode":false,"pivot":{"x":-0.01990814134478569,"y":14.316096305847168,"z":-2.3567702770233156},"rotation":{"x":-0.16329580545425416,"y":0.20440039038658143,"z":-0.03464865684509277,"w":-0.9646323919296265},"size":0.8660253882408142,"orthographic":false}