{"cameraMode":{"drawMode":0,"name":"Shaded","section":"Shading Mode"},"sceneLighting":false,"audioPlay":false,"sceneViewState":{"showFog":true,"showMaterialUpdate":true,"showSkybox":false,"showFlares":true,"showImageEffects":true,"showParticleSystems":true},"in2DMode":false,"pivot":{"x":0.02773711085319519,"y":0.4014587998390198,"z":-10.0},"rotation":{"x":-0.11334839463233948,"y":0.045006029307842258,"z":-0.005159873515367508,"w":-0.9925941228866577},"size":1.567877173423767,"orthographic":false}