{"cameraMode":{"drawMode":0,"name":"Shaded","section":"Shading Mode"},"sceneLighting":false,"audioPlay":false,"sceneViewState":{"showFog":true,"showMaterialUpdate":true,"showSkybox":false,"showFlares":true,"showImageEffects":true,"showParticleSystems":true},"in2DMode":false,"pivot":{"x":5.364418029785156e-7,"y":-2.384185791015625e-7,"z":5.960464477539063e-8},"rotation":{"x":-0.22168594598770142,"y":-0.09897603839635849,"z":0.022581085562705995,"w":-0.9698967337608337},"size":1.6659411191940308,"orthographic":false}