{"cameraMode":{"drawMode":0,"name":"Shaded","section":"Shading Mode"},"sceneLighting":true,"audioPlay":false,"sceneViewState":{"showFog":true,"showMaterialUpdate":false,"showSkybox":true,"showFlares":true,"showImageEffects":true,"showParticleSystems":true},"in2DMode":false,"pivot":{"x":-103.61454010009766,"y":-31.45612144470215,"z":34.70199966430664},"rotation":{"x":0.10550127178430557,"y":-0.8808091878890991,"z":0.23108163475990296,"w":0.3999449908733368},"size":49.00628662109375,"orthographic":false}