{"cameraMode":{"drawMode":0,"name":"Shaded","section":"Shading Mode"},"sceneLighting":true,"audioPlay":false,"sceneViewState":{"showFog":true,"showMaterialUpdate":false,"showSkybox":true,"showFlares":true,"showImageEffects":true,"showParticleSystems":true},"in2DMode":false,"pivot":{"x":-136.90786743164063,"y":-17.03593635559082,"z":-20.552249908447267},"rotation":{"x":-0.04229091852903366,"y":0.907315194606781,"z":-0.09366244077682495,"w":-0.40889236330986025},"size":79.00589752197266,"orthographic":false}