{"cameraMode":{"drawMode":0,"name":"Shaded","section":"Shading Mode"},"sceneLighting":true,"audioPlay":false,"sceneViewState":{"showFog":true,"showMaterialUpdate":false,"showSkybox":true,"showFlares":true,"showImageEffects":true,"showParticleSystems":true},"in2DMode":false,"pivot":{"x":-3.2117841243743898,"y":2.8120737075805666,"z":-18.376657485961915},"rotation":{"x":-0.26562926173210146,"y":-0.05974292382597923,"z":0.017739811912178994,"w":-0.9623235464096069},"size":0.4416446089744568,"orthographic":false}