{"cameraMode":{"drawMode":0,"name":"Shaded","section":"Shading Mode"},"sceneLighting":false,"audioPlay":false,"sceneViewState":{"showFog":true,"showMaterialUpdate":true,"showSkybox":false,"showFlares":true,"showImageEffects":true,"showParticleSystems":true},"in2DMode":false,"pivot":{"x":0.3091779351234436,"y":-0.04799997806549072,"z":0.8731870651245117},"rotation":{"x":-0.13299666345119477,"y":0.36694765090942385,"z":-0.05313754454255104,"w":-0.919231653213501},"size":0.7454943060874939,"orthographic":false}