{"cameraMode":{"drawMode":0,"name":"Shaded","section":"Shading Mode"},"sceneLighting":false,"audioPlay":false,"sceneViewState":{"showFog":true,"showMaterialUpdate":true,"showSkybox":false,"showFlares":true,"showImageEffects":true,"showParticleSystems":true},"in2DMode":false,"pivot":{"x":-7.454499244689941,"y":3.8563783168792726,"z":-2.3014137744903566},"rotation":{"x":-0.2544611990451813,"y":0.7235040068626404,"z":-0.337321937084198,"w":-0.5460502505302429},"size":7.614973068237305,"orthographic":false}