{"cameraMode":{"drawMode":0,"name":"Shaded","section":"Shading Mode"},"sceneLighting":false,"audioPlay":false,"sceneViewState":{"showFog":true,"showMaterialUpdate":false,"showSkybox":false,"showFlares":true,"showImageEffects":true,"showParticleSystems":true},"in2DMode":false,"pivot":{"x":0.20601016283035279,"y":0.8929141759872437,"z":-1.1567034721374512},"rotation":{"x":-0.12099199742078781,"y":0.05832948908209801,"z":-0.007122264243662357,"w":-0.9909137487411499},"size":1.9341405630111695,"orthographic":false}