{"cameraMode":{"drawMode":0,"name":"Shaded","section":"Shading Mode"},"sceneLighting":false,"audioPlay":false,"sceneViewState":{"showFog":true,"showMaterialUpdate":true,"showSkybox":false,"showFlares":true,"showImageEffects":true,"showParticleSystems":true},"in2DMode":false,"pivot":{"x":-0.14651186764240266,"y":-0.07699999213218689,"z":0.6898981332778931},"rotation":{"x":-0.2649833559989929,"y":0.10131294280290604,"z":-0.028058405965566636,"w":-0.9585839509963989},"size":0.7451993227005005,"orthographic":false}