{"cameraMode":{"drawMode":0,"name":"Shaded","section":"Shading Mode"},"sceneLighting":true,"audioPlay":false,"sceneViewState":{"showFog":true,"showMaterialUpdate":false,"showSkybox":true,"showFlares":true,"showImageEffects":true,"showParticleSystems":true},"in2DMode":false,"pivot":{"x":-26.593215942382814,"y":-52.90707778930664,"z":-59.63243103027344},"rotation":{"x":-0.03633461892604828,"y":0.9662549495697022,"z":-0.2100900262594223,"w":-0.14499936997890473},"size":75.41212463378906,"orthographic":false}