{"cameraMode":{"drawMode":0,"name":"Shaded","section":"Shading Mode"},"sceneLighting":false,"audioPlay":false,"sceneViewState":{"showFog":true,"showMaterialUpdate":true,"showSkybox":false,"showFlares":true,"showImageEffects":true,"showParticleSystems":true},"in2DMode":false,"pivot":{"x":-0.159430131316185,"y":-0.050000011920928958,"z":0.6589391827583313},"rotation":{"x":-0.09133752435445786,"y":0.483203262090683,"z":-0.05081060901284218,"w":-0.8693339824676514},"size":0.8648622035980225,"orthographic":false}