{"cameraMode":{"drawMode":0,"name":"Shaded","section":"Shading Mode"},"sceneLighting":true,"audioPlay":false,"sceneViewState":{"showFog":true,"showMaterialUpdate":false,"showSkybox":true,"showFlares":true,"showImageEffects":true,"showParticleSystems":true},"in2DMode":false,"pivot":{"x":-23.951963424682618,"y":-19.91074562072754,"z":44.75517654418945},"rotation":{"x":0.3168143928050995,"y":0.0794731006026268,"z":-0.031686391681432727,"w":0.944646954536438},"size":59.4281120300293,"orthographic":false}