{"cameraMode":{"drawMode":0,"name":"Shaded","section":"Shading Mode"},"sceneLighting":false,"audioPlay":false,"sceneViewState":{"showFog":true,"showMaterialUpdate":true,"showSkybox":false,"showFlares":true,"showImageEffects":true,"showParticleSystems":true},"in2DMode":false,"pivot":{"x":0.9011411666870117,"y":0.03536045551300049,"z":-10.458598136901856},"rotation":{"x":-0.09189686179161072,"y":0.8821935653686523,"z":-0.19332188367843629,"w":-0.4196310341358185},"size":1.8368160724639893,"orthographic":false}