{"cameraMode":{"drawMode":0,"name":"Shaded","section":"Shading Mode"},"sceneLighting":true,"audioPlay":false,"sceneViewState":{"showFog":true,"showMaterialUpdate":false,"showSkybox":true,"showFlares":true,"showImageEffects":true,"showParticleSystems":true},"in2DMode":false,"pivot":{"x":-18.798032760620118,"y":37.58799743652344,"z":33.47346878051758},"rotation":{"x":-0.3857311010360718,"y":0.2126137614250183,"z":-0.09180176258087158,"w":-0.893096387386322},"size":1.2353780269622803,"orthographic":false}