{"cameraMode":{"drawMode":0,"name":"Shaded","section":"Shading Mode"},"sceneLighting":true,"audioPlay":false,"sceneViewState":{"showFog":true,"showMaterialUpdate":false,"showSkybox":true,"showFlares":true,"showImageEffects":true,"showParticleSystems":true},"in2DMode":false,"pivot":{"x":-184.74700927734376,"y":5.637009620666504,"z":-28.666128158569337},"rotation":{"x":0.11717572063207627,"y":-0.7767918109893799,"z":0.15172620117664338,"w":0.5998849868774414},"size":24.622560501098634,"orthographic":false}