{"cameraMode":{"drawMode":0,"name":"Shaded","section":"Shading Mode"},"sceneLighting":false,"audioPlay":false,"sceneViewState":{"showFog":true,"showMaterialUpdate":true,"showSkybox":false,"showFlares":true,"showImageEffects":true,"showParticleSystems":true},"in2DMode":false,"pivot":{"x":1.1231915950775147,"y":0.7456289529800415,"z":-1.4437259435653687},"rotation":{"x":-0.16198468208312989,"y":0.36372140049934389,"z":-0.0644085705280304,"w":-0.9151303172111511},"size":0.7296916246414185,"orthographic":false}