{"cameraMode":{"drawMode":0,"name":"Shaded","section":"Shading Mode"},"sceneLighting":true,"audioPlay":false,"sceneViewState":{"showFog":true,"showMaterialUpdate":false,"showSkybox":true,"showFlares":true,"showImageEffects":true,"showParticleSystems":true},"in2DMode":false,"pivot":{"x":-53.95625305175781,"y":6.461211681365967,"z":-52.521942138671878},"rotation":{"x":-0.004799456335604191,"y":0.04438066855072975,"z":0.00019026658264920115,"w":0.9990280866622925},"size":9.110315322875977,"orthographic":false}