{"cameraMode":{"drawMode":0,"name":"Shaded","section":"Shading Mode"},"sceneLighting":false,"audioPlay":false,"sceneViewState":{"showFog":true,"showMaterialUpdate":true,"showSkybox":false,"showFlares":true,"showImageEffects":true,"showParticleSystems":true},"in2DMode":false,"pivot":{"x":0.09784555435180664,"y":0.22682714462280274,"z":-9.953702926635743},"rotation":{"x":-0.13162004947662354,"y":0.8332972526550293,"z":-0.22501029074192048,"w":-0.4876791536808014},"size":1.57577645778656,"orthographic":false}