{"cameraMode":{"drawMode":0,"name":"Shaded","section":"Shading Mode"},"sceneLighting":false,"audioPlay":false,"sceneViewState":{"showFog":true,"showMaterialUpdate":false,"showSkybox":false,"showFlares":true,"showImageEffects":true,"showParticleSystems":true},"in2DMode":false,"pivot":{"x":-19.231218338012697,"y":24.475887298583986,"z":-16.047443389892579},"rotation":{"x":-0.12135747820138931,"y":0.3660295307636261,"z":-0.04295077919960022,"w":-0.9217023253440857},"size":0.7319656610488892,"orthographic":false}