{"cameraMode":{"drawMode":0,"name":"Shaded","section":"Shading Mode"},"sceneLighting":true,"audioPlay":false,"sceneViewState":{"showFog":true,"showMaterialUpdate":false,"showSkybox":true,"showFlares":true,"showImageEffects":true,"showParticleSystems":true},"in2DMode":false,"pivot":{"x":441.5855407714844,"y":78.71234130859375,"z":213.58786010742188},"rotation":{"x":0.18092724680900575,"y":-0.18986515700817109,"z":0.030681617558002473,"w":0.9645106196403503},"size":418.1928405761719,"orthographic":false}