{"cameraMode":{"drawMode":0,"name":"Shaded","section":"Shading Mode"},"sceneLighting":false,"audioPlay":false,"sceneViewState":{"showFog":true,"showMaterialUpdate":true,"showSkybox":false,"showFlares":true,"showImageEffects":true,"showParticleSystems":true},"in2DMode":false,"pivot":{"x":0.3306114077568054,"y":0.6056774258613586,"z":-11.005590438842774},"rotation":{"x":-0.02347303181886673,"y":0.9422289133071899,"z":-0.06769289076328278,"w":-0.327467679977417},"size":1.9290193319320679,"orthographic":false}