{"cameraMode":{"drawMode":0,"name":"Shaded","section":"Shading Mode"},"sceneLighting":false,"audioPlay":false,"sceneViewState":{"showFog":true,"showMaterialUpdate":true,"showSkybox":false,"showFlares":true,"showImageEffects":true,"showParticleSystems":true},"in2DMode":false,"pivot":{"x":-0.11085157841444016,"y":-0.04584971070289612,"z":-9.145156860351563},"rotation":{"x":-0.2649833559989929,"y":0.10131294280290604,"z":-0.028058405965566636,"w":-0.9585839509963989},"size":1.8368160724639893,"orthographic":false}