{"cameraMode":{"drawMode":0,"name":"Shaded","section":"Shading Mode"},"sceneLighting":true,"audioPlay":false,"sceneViewState":{"showFog":true,"showMaterialUpdate":false,"showSkybox":true,"showFlares":true,"showImageEffects":true,"showParticleSystems":true},"in2DMode":false,"pivot":{"x":-8.89224910736084,"y":49.320194244384769,"z":-0.3556421995162964},"rotation":{"x":0.21983404457569123,"y":-0.4813442528247833,"z":0.1260596513748169,"w":0.8391318917274475},"size":0.8666293025016785,"orthographic":false}