{"cameraMode":{"drawMode":0,"name":"Shaded","section":"Shading Mode"},"sceneLighting":false,"audioPlay":false,"sceneViewState":{"showFog":true,"showMaterialUpdate":true,"showSkybox":false,"showFlares":true,"showImageEffects":true,"showParticleSystems":true},"in2DMode":false,"pivot":{"x":0.0000010728836059570313,"y":-0.05131928622722626,"z":-14.380000114440918},"rotation":{"x":-0.09382858127355576,"y":0.3799187242984772,"z":-0.0388018861413002,"w":-0.9195149540901184},"size":1.8564714193344117,"orthographic":false}