{"cameraMode":{"drawMode":0,"name":"Shaded","section":"Shading Mode"},"sceneLighting":false,"audioPlay":false,"sceneViewState":{"showFog":true,"showMaterialUpdate":true,"showSkybox":false,"showFlares":true,"showImageEffects":true,"showParticleSystems":true},"in2DMode":false,"pivot":{"x":-0.2657976448535919,"y":21.91886329650879,"z":-11.928178787231446},"rotation":{"x":0.21405377984046937,"y":-0.0017748005921021104,"z":0.0003726651193574071,"w":0.9769171476364136},"size":0.15450578927993775,"orthographic":false}