{"cameraMode":{"drawMode":0,"name":"Shaded","section":"Shading Mode"},"sceneLighting":false,"audioPlay":false,"sceneViewState":{"showFog":true,"showMaterialUpdate":false,"showSkybox":false,"showFlares":true,"showImageEffects":true,"showParticleSystems":true},"in2DMode":false,"pivot":{"x":-0.023178815841674806,"y":0.5157898664474487,"z":-0.043776869773864749},"rotation":{"x":0.21014463901519776,"y":0.6604894995689392,"z":-0.20286591351032258,"w":0.6916924118995667},"size":2.3140971660614015,"orthographic":false}