{"cameraMode":{"drawMode":0,"name":"Shaded","section":"Shading Mode"},"sceneLighting":true,"audioPlay":false,"sceneViewState":{"showFog":true,"showMaterialUpdate":false,"showSkybox":true,"showFlares":true,"showImageEffects":true,"showParticleSystems":true},"in2DMode":false,"pivot":{"x":-126.71533966064453,"y":-36.501399993896487,"z":237.5714569091797},"rotation":{"x":0.11277710646390915,"y":-0.0892639309167862,"z":0.00581489410251379,"w":0.9912415146827698},"size":100.56166076660156,"orthographic":false}