{"cameraMode":{"drawMode":0,"name":"Shaded","section":"Shading Mode"},"sceneLighting":false,"audioPlay":false,"sceneViewState":{"showFog":true,"showMaterialUpdate":false,"showSkybox":true,"showFlares":true,"showImageEffects":true,"showParticleSystems":true},"in2DMode":false,"pivot":{"x":2.491093635559082,"y":2.958280563354492,"z":1.6543598175048829},"rotation":{"x":-0.32392874360084536,"y":0.11809041351079941,"z":-0.04017099365592003,"w":-0.9381455779075623},"size":12.690752029418946,"orthographic":false}