{"cameraMode":{"drawMode":0,"name":"Shaded","section":"Shading Mode"},"sceneLighting":true,"audioPlay":false,"sceneViewState":{"showFog":true,"showMaterialUpdate":false,"showSkybox":false,"showFlares":true,"showImageEffects":true,"showParticleSystems":true},"in2DMode":false,"pivot":{"x":14.189205169677735,"y":3.119051456451416,"z":0.29309988021850588},"rotation":{"x":-0.11780329048633576,"y":0.15936903655529023,"z":-0.01794595643877983,"w":-0.9803441762924194},"size":2.4248709678649904,"orthographic":false}