{"cameraMode":{"drawMode":0,"name":"Shaded","section":"Shading Mode"},"sceneLighting":false,"audioPlay":false,"sceneViewState":{"showFog":true,"showMaterialUpdate":false,"showSkybox":false,"showFlares":true,"showImageEffects":true,"showParticleSystems":true},"in2DMode":false,"pivot":{"x":0.017746806144714357,"y":0.24762049317359925,"z":-0.03919951617717743},"rotation":{"x":0.08618380129337311,"y":-0.26548704504966738,"z":0.02335822582244873,"w":0.9601428508758545},"size":1.50795578956604,"orthographic":false}