{"cameraMode":{"drawMode":0,"name":"Shaded","section":"Shading Mode"},"sceneLighting":true,"audioPlay":false,"sceneViewState":{"showFog":true,"showMaterialUpdate":false,"showSkybox":true,"showFlares":true,"showImageEffects":true,"showParticleSystems":true},"in2DMode":false,"pivot":{"x":3.38071346282959,"y":22.852087020874025,"z":8.250969886779786},"rotation":{"x":-0.006520189810544252,"y":0.9930954575538635,"z":-0.06563231348991394,"w":-0.09770084917545319},"size":8.941651344299317,"orthographic":false}