{"cameraMode":{"drawMode":0,"name":"Shaded","section":"Shading Mode"},"sceneLighting":false,"audioPlay":false,"sceneViewState":{"showFog":true,"showMaterialUpdate":true,"showSkybox":false,"showFlares":true,"showImageEffects":true,"showParticleSystems":true},"in2DMode":false,"pivot":{"x":-4.750782489776611,"y":9.373696327209473,"z":3.687727928161621},"rotation":{"x":0.24792321026325227,"y":-0.09314406663179398,"z":0.02394908294081688,"w":0.9640930891036987},"size":13.025432586669922,"orthographic":false}