{"cameraMode":{"drawMode":0,"name":"Shaded","section":"Shading Mode"},"sceneLighting":false,"audioPlay":false,"sceneViewState":{"showFog":true,"showMaterialUpdate":false,"showSkybox":false,"showFlares":true,"showImageEffects":true,"showParticleSystems":true},"in2DMode":false,"pivot":{"x":-6.51666259765625,"y":0.5299999713897705,"z":-15.197795867919922},"rotation":{"x":0.21992579102516175,"y":-0.6779203414916992,"z":0.22199048101902009,"w":0.6659017205238342},"size":0.8460165858268738,"orthographic":false}