{"cameraMode":{"drawMode":0,"name":"Shaded","section":"Shading Mode"},"sceneLighting":false,"audioPlay":false,"sceneViewState":{"showFog":true,"showMaterialUpdate":true,"showSkybox":false,"showFlares":true,"showImageEffects":true,"showParticleSystems":true},"in2DMode":false,"pivot":{"x":0.21741914749145509,"y":19.437780380249025,"z":-4.795380592346191},"rotation":{"x":-0.20525044202804566,"y":0.003235630923882127,"z":-0.0007228803588077426,"w":-0.9787914752960205},"size":1.1052778959274293,"orthographic":false}