{"cameraMode":{"drawMode":0,"name":"Shaded","section":"Shading Mode"},"sceneLighting":false,"audioPlay":false,"sceneViewState":{"showFog":true,"showMaterialUpdate":true,"showSkybox":false,"showFlares":true,"showImageEffects":true,"showParticleSystems":true},"in2DMode":false,"pivot":{"x":5.364418029785156e-7,"y":-0.0517180860042572,"z":-10.0},"rotation":{"x":-0.24852460622787476,"y":0.18916137516498567,"z":-0.049617789685726169,"w":-0.9487633109092712},"size":1.8216489553451539,"orthographic":false}