{"cameraMode":{"drawMode":0,"name":"Shaded","section":"Shading Mode"},"sceneLighting":true,"audioPlay":false,"sceneViewState":{"showFog":true,"showMaterialUpdate":false,"showSkybox":true,"showFlares":true,"showImageEffects":true,"showParticleSystems":true},"in2DMode":false,"pivot":{"x":0.9260141849517822,"y":-0.14455461502075196,"z":-3.8897571563720705},"rotation":{"x":-0.1775696575641632,"y":0.18535703420639039,"z":-0.03407592326402664,"w":-0.9658939838409424},"size":5.321615695953369,"orthographic":false}