{"cameraMode":{"drawMode":0,"name":"Shaded","section":"Shading Mode"},"sceneLighting":true,"audioPlay":false,"sceneViewState":{"showFog":true,"showMaterialUpdate":false,"showSkybox":true,"showFlares":true,"showImageEffects":true,"showParticleSystems":true},"in2DMode":false,"pivot":{"x":-107.17789459228516,"y":10.693222999572754,"z":94.43260192871094},"rotation":{"x":-0.018032288178801538,"y":0.974179208278656,"z":-0.2088581919670105,"w":-0.08407346904277802},"size":1.2353780269622803,"orthographic":false}