{"cameraMode":{"drawMode":0,"name":"Shaded","section":"Shading Mode"},"sceneLighting":false,"audioPlay":false,"sceneViewState":{"showFog":true,"showMaterialUpdate":false,"showSkybox":false,"showFlares":true,"showImageEffects":true,"showParticleSystems":true},"in2DMode":false,"pivot":{"x":12.418963432312012,"y":10.238861083984375,"z":-7.440583229064941},"rotation":{"x":-0.25371477007865908,"y":0.4122009873390198,"z":-0.11935366690158844,"w":-0.8672587275505066},"size":0.4330126941204071,"orthographic":false}