{"cameraMode":{"drawMode":0,"name":"Shaded","section":"Shading Mode"},"sceneLighting":true,"audioPlay":false,"sceneViewState":{"showFog":true,"showMaterialUpdate":false,"showSkybox":true,"showFlares":true,"showImageEffects":true,"showParticleSystems":true},"in2DMode":false,"pivot":{"x":-214.78994750976563,"y":-494.1231689453125,"z":-801.2319946289063},"rotation":{"x":-0.02610968053340912,"y":0.9600453972816467,"z":-0.2619962692260742,"w":-0.09600283205509186},"size":533.4581298828125,"orthographic":false}