{"cameraMode":{"drawMode":0,"name":"Shaded","section":"Shading Mode"},"sceneLighting":false,"audioPlay":false,"sceneViewState":{"showFog":true,"showMaterialUpdate":true,"showSkybox":false,"showFlares":true,"showImageEffects":true,"showParticleSystems":true},"in2DMode":false,"pivot":{"x":0.0,"y":14.301458358764649,"z":0.015494167804718018},"rotation":{"x":0.5241827964782715,"y":0.004791038576513529,"z":-0.0030529762152582409,"w":0.8517065048217773},"size":1.5757761001586915,"orthographic":false}