{"cameraMode":{"drawMode":0,"name":"Shaded","section":"Shading Mode"},"sceneLighting":true,"audioPlay":false,"sceneViewState":{"showFog":true,"showMaterialUpdate":false,"showSkybox":true,"showFlares":true,"showImageEffects":true,"showParticleSystems":true},"in2DMode":false,"pivot":{"x":-27.792377471923829,"y":-58.842193603515628,"z":-139.5890655517578},"rotation":{"x":0.06062765046954155,"y":-0.9390258193016052,"z":0.22531822323799134,"w":0.25260865688323977},"size":106.34137725830078,"orthographic":false}