{"cameraMode":{"drawMode":0,"name":"Shaded","section":"Shading Mode"},"sceneLighting":true,"audioPlay":false,"sceneViewState":{"showFog":true,"showMaterialUpdate":false,"showSkybox":true,"showFlares":true,"showImageEffects":true,"showParticleSystems":true},"in2DMode":false,"pivot":{"x":12.476064682006836,"y":-62.57554244995117,"z":161.8238067626953},"rotation":{"x":-0.1825580596923828,"y":-0.0477423369884491,"z":0.013065637089312077,"w":-0.9825733304023743},"size":92.5953598022461,"orthographic":false}