{"cameraMode":{"drawMode":0,"name":"Shaded","section":"Shading Mode"},"sceneLighting":false,"audioPlay":false,"sceneViewState":{"showFog":true,"showMaterialUpdate":false,"showSkybox":false,"showFlares":true,"showImageEffects":true,"showParticleSystems":true},"in2DMode":false,"pivot":{"x":5.364418029785156e-7,"y":0.22645878791809083,"z":-10.0},"rotation":{"x":0.18383541703224183,"y":-0.05910784378647804,"z":0.009944773279130459,"w":0.9814469218254089},"size":1.9290193319320679,"orthographic":false}