{"cameraMode":{"drawMode":0,"name":"Shaded","section":"Shading Mode"},"sceneLighting":true,"audioPlay":false,"sceneViewState":{"showFog":true,"showMaterialUpdate":false,"showSkybox":true,"showFlares":true,"showImageEffects":true,"showParticleSystems":true},"in2DMode":false,"pivot":{"x":44.164215087890628,"y":5.933304309844971,"z":-72.18487548828125},"rotation":{"x":-0.01529022492468357,"y":-0.9786980152130127,"z":0.07428921014070511,"w":-0.19171051681041718},"size":40.09707260131836,"orthographic":false}