{"cameraMode":{"drawMode":0,"name":"Shaded","section":"Shading Mode"},"sceneLighting":true,"audioPlay":false,"sceneViewState":{"showFog":true,"showMaterialUpdate":false,"showSkybox":true,"showFlares":true,"showImageEffects":true,"showParticleSystems":true},"in2DMode":false,"pivot":{"x":5.004396915435791,"y":7.488777160644531,"z":14.014741897583008},"rotation":{"x":-0.03628548979759216,"y":0.9207520484924316,"z":-0.37825125455856326,"w":-0.09061611443758011},"size":0.932548463344574,"orthographic":false}