{"cameraMode":{"drawMode":0,"name":"Shaded","section":"Shading Mode"},"sceneLighting":false,"audioPlay":false,"sceneViewState":{"showFog":true,"showMaterialUpdate":true,"showSkybox":false,"showFlares":true,"showImageEffects":true,"showParticleSystems":true},"in2DMode":false,"pivot":{"x":1.6014658212661744,"y":1.2816340923309327,"z":-11.339481353759766},"rotation":{"x":-0.07782673090696335,"y":0.31760406494140627,"z":-0.026192691177129747,"w":-0.9447411298751831},"size":0.255889892578125,"orthographic":false}