{"cameraMode":{"drawMode":0,"name":"Shaded","section":"Shading Mode"},"sceneLighting":false,"audioPlay":false,"sceneViewState":{"showFog":true,"showMaterialUpdate":true,"showSkybox":false,"showFlares":true,"showImageEffects":true,"showParticleSystems":true},"in2DMode":false,"pivot":{"x":0.23841166496276856,"y":14.297484397888184,"z":-0.4782860279083252},"rotation":{"x":-0.06901951879262924,"y":0.8500171303749085,"z":-0.11521556228399277,"w":-0.509509801864624},"size":1.613196611404419,"orthographic":false}