{"cameraMode":{"drawMode":0,"name":"Shaded","section":"Shading Mode"},"sceneLighting":true,"audioPlay":false,"sceneViewState":{"showFog":true,"showMaterialUpdate":false,"showSkybox":true,"showFlares":true,"showImageEffects":true,"showParticleSystems":true},"in2DMode":false,"pivot":{"x":70.12779998779297,"y":5.616091728210449,"z":-21.63141632080078},"rotation":{"x":0.1292506456375122,"y":-0.40970900654792788,"z":0.05680548772215843,"w":0.9015932083129883},"size":6.488968849182129,"orthographic":false}