{"cameraMode":{"drawMode":0,"name":"Shaded","section":"Shading Mode"},"sceneLighting":false,"audioPlay":false,"sceneViewState":{"showFog":true,"showMaterialUpdate":false,"showSkybox":false,"showFlares":true,"showImageEffects":true,"showParticleSystems":true},"in2DMode":false,"pivot":{"x":-1.9891159534454346,"y":-0.19183558225631715,"z":-21.24761199951172},"rotation":{"x":0.29476454854011538,"y":-0.3663167953491211,"z":0.1188335120677948,"w":0.8745310306549072},"size":2.6399919986724855,"orthographic":false}