{"cameraMode":{"drawMode":0,"name":"Shaded","section":"Shading Mode"},"sceneLighting":false,"audioPlay":false,"sceneViewState":{"showFog":true,"showMaterialUpdate":true,"showSkybox":false,"showFlares":true,"showImageEffects":true,"showParticleSystems":true},"in2DMode":false,"pivot":{"x":0.4418293833732605,"y":0.9316920638084412,"z":-8.46011734008789},"rotation":{"x":-0.13299666345119477,"y":0.36694765090942385,"z":-0.05313754454255104,"w":-0.919231653213501},"size":1.52524733543396,"orthographic":false}