{"cameraMode":{"drawMode":0,"name":"Shaded","section":"Shading Mode"},"sceneLighting":true,"audioPlay":false,"sceneViewState":{"showFog":true,"showMaterialUpdate":false,"showSkybox":true,"showFlares":true,"showImageEffects":true,"showParticleSystems":true},"in2DMode":false,"pivot":{"x":9.125762939453125,"y":10.152920722961426,"z":-8.510948181152344},"rotation":{"x":0.21905001997947694,"y":-0.1923244297504425,"z":0.042731449007987979,"w":0.9559463858604431},"size":1.9859004020690919,"orthographic":false}