{"cameraMode":{"drawMode":0,"name":"Shaded","section":"Shading Mode"},"sceneLighting":true,"audioPlay":false,"sceneViewState":{"showFog":true,"showMaterialUpdate":false,"showSkybox":true,"showFlares":true,"showImageEffects":true,"showParticleSystems":true},"in2DMode":false,"pivot":{"x":-162.01773071289063,"y":7.969977378845215,"z":69.52749633789063},"rotation":{"x":-0.06733480840921402,"y":0.9118725657463074,"z":-0.16110458970069886,"w":-0.3745112717151642},"size":18.089818954467775,"orthographic":false}