{"cameraMode":{"drawMode":0,"name":"Shaded","section":"Shading Mode"},"sceneLighting":false,"audioPlay":false,"sceneViewState":{"showFog":true,"showMaterialUpdate":true,"showSkybox":false,"showFlares":true,"showImageEffects":true,"showParticleSystems":true},"in2DMode":false,"pivot":{"x":2.21439528465271,"y":15.723386764526368,"z":-3.086576223373413},"rotation":{"x":-0.25953128933906557,"y":0.4155241549015045,"z":-0.12504731118679048,"w":-0.8628484606742859},"size":1.5757761001586915,"orthographic":false}