{"cameraMode":{"drawMode":0,"name":"Shaded","section":"Shading Mode"},"sceneLighting":false,"audioPlay":false,"sceneViewState":{"showFog":true,"showMaterialUpdate":false,"showSkybox":false,"showFlares":true,"showImageEffects":true,"showParticleSystems":true},"in2DMode":false,"pivot":{"x":-1.2028982639312745,"y":2.76847505569458,"z":-2.8704726696014406},"rotation":{"x":0.21014463901519776,"y":0.6604894995689392,"z":-0.20286591351032258,"w":0.6916924118995667},"size":5.806034564971924,"orthographic":false}