{"cameraMode":{"drawMode":0,"name":"Shaded","section":"Shading Mode"},"sceneLighting":true,"audioPlay":false,"sceneViewState":{"showFog":true,"showMaterialUpdate":false,"showSkybox":true,"showFlares":true,"showImageEffects":true,"showParticleSystems":true},"in2DMode":false,"pivot":{"x":0.021739482879638673,"y":6.009420871734619,"z":-0.3700237274169922},"rotation":{"x":0.16868993639945985,"y":0.6011282205581665,"z":-0.1332671046257019,"w":0.7701030969619751},"size":1.9859004020690919,"orthographic":false}