{"cameraMode":{"drawMode":0,"name":"Shaded","section":"Shading Mode"},"sceneLighting":true,"audioPlay":false,"sceneViewState":{"showFog":true,"showMaterialUpdate":false,"showSkybox":true,"showFlares":true,"showImageEffects":true,"showParticleSystems":true},"in2DMode":false,"pivot":{"x":362.634765625,"y":352.9598388671875,"z":0.0},"rotation":{"x":-0.11133693158626557,"y":-0.023545240983366967,"z":0.0026385649107396604,"w":-0.9935178756713867},"size":181.62875366210938,"orthographic":false}