{"cameraMode":{"drawMode":0,"name":"Shaded","section":"Shading Mode"},"sceneLighting":true,"audioPlay":false,"sceneViewState":{"showFog":true,"showMaterialUpdate":false,"showSkybox":true,"showFlares":true,"showImageEffects":true,"showParticleSystems":true},"in2DMode":false,"pivot":{"x":6.1809468269348148,"y":-3.4848430156707765,"z":16.09732437133789},"rotation":{"x":-0.3088419735431671,"y":0.1537572741508484,"z":-0.05065224692225456,"w":-0.937257707118988},"size":10.774872779846192,"orthographic":false}