{"cameraMode":{"drawMode":0,"name":"Shaded","section":"Shading Mode"},"sceneLighting":true,"audioPlay":false,"sceneViewState":{"showFog":true,"showMaterialUpdate":false,"showSkybox":true,"showFlares":true,"showImageEffects":true,"showParticleSystems":true},"in2DMode":false,"pivot":{"x":-221.8686065673828,"y":-74.58248901367188,"z":240.3596649169922},"rotation":{"x":0.2257242053747177,"y":-0.05112874135375023,"z":0.011843162588775158,"w":0.9727989435195923},"size":152.64939880371095,"orthographic":false}