{"cameraMode":{"drawMode":0,"name":"Shaded","section":"Shading Mode"},"sceneLighting":false,"audioPlay":false,"sceneViewState":{"showFog":true,"showMaterialUpdate":true,"showSkybox":false,"showFlares":true,"showImageEffects":true,"showParticleSystems":true},"in2DMode":false,"pivot":{"x":0.0130000039935112,"y":15.068548202514649,"z":0.394231379032135},"rotation":{"x":-0.16523608565330506,"y":0.47709986567497256,"z":-0.0919007733464241,"w":-0.8583645820617676},"size":0.25588980317115786,"orthographic":false}