{"cameraMode":{"drawMode":0,"name":"Shaded","section":"Shading Mode"},"sceneLighting":true,"audioPlay":false,"sceneViewState":{"showFog":true,"showMaterialUpdate":false,"showSkybox":true,"showFlares":true,"showImageEffects":true,"showParticleSystems":true},"in2DMode":false,"pivot":{"x":-11.375459671020508,"y":14.377907752990723,"z":69.68360900878906},"rotation":{"x":-0.018163807690143586,"y":-0.9718839526176453,"z":0.08223003894090653,"w":-0.22058595716953278},"size":8.556319236755371,"orthographic":false}