{"cameraMode":{"drawMode":0,"name":"Shaded","section":"Shading Mode"},"sceneLighting":true,"audioPlay":false,"sceneViewState":{"showFog":true,"showMaterialUpdate":false,"showSkybox":true,"showFlares":true,"showImageEffects":true,"showParticleSystems":true},"in2DMode":false,"pivot":{"x":60.83369445800781,"y":-42.822574615478519,"z":58.79042053222656},"rotation":{"x":-0.23433740437030793,"y":-0.6206170916557312,"z":0.20057128369808198,"w":-0.7211624979972839},"size":40.09707260131836,"orthographic":false}