{"cameraMode":{"drawMode":0,"name":"Shaded","section":"Shading Mode"},"sceneLighting":false,"audioPlay":false,"sceneViewState":{"showFog":true,"showMaterialUpdate":false,"showSkybox":false,"showFlares":true,"showImageEffects":true,"showParticleSystems":true},"in2DMode":false,"pivot":{"x":51.29999923706055,"y":4.300000190734863,"z":-21.720001220703126},"rotation":{"x":-0.25148826837539675,"y":-0.17789055407047273,"z":0.0482877716422081,"w":-0.9504120945930481},"size":9.550000190734864,"orthographic":false}