{"cameraMode":{"drawMode":0,"name":"Shaded","section":"Shading Mode"},"sceneLighting":true,"audioPlay":false,"sceneViewState":{"showFog":true,"showMaterialUpdate":false,"showSkybox":true,"showFlares":true,"showImageEffects":true,"showParticleSystems":true},"in2DMode":false,"pivot":{"x":282.6988220214844,"y":-565.442138671875,"z":741.0127563476563},"rotation":{"x":-0.30065950751304629,"y":-0.17044629156589509,"z":0.05481277033686638,"w":-0.9370296001434326},"size":500.0562438964844,"orthographic":false}