{"cameraMode":{"drawMode":0,"name":"Shaded","section":"Shading Mode"},"sceneLighting":true,"audioPlay":false,"sceneViewState":{"showFog":true,"showMaterialUpdate":false,"showSkybox":true,"showFlares":true,"showImageEffects":true,"showParticleSystems":true},"in2DMode":false,"pivot":{"x":-98.87999725341797,"y":5.980704307556152,"z":85.68576049804688},"rotation":{"x":0.02038627676665783,"y":0.9111773371696472,"z":0.045422594994306567,"w":-0.40921902656555178},"size":7.647686004638672,"orthographic":false}