{"cameraMode":{"drawMode":0,"name":"Shaded","section":"Shading Mode"},"sceneLighting":false,"audioPlay":false,"sceneViewState":{"showFog":true,"showMaterialUpdate":false,"showSkybox":false,"showFlares":true,"showImageEffects":true,"showParticleSystems":true},"in2DMode":false,"pivot":{"x":0.16531600058078767,"y":0.5080258846282959,"z":-0.011628925800323487},"rotation":{"x":0.21014463901519776,"y":0.6604894995689392,"z":-0.20286591351032258,"w":0.6916924118995667},"size":0.8171906471252441,"orthographic":false}