{"cameraMode":{"drawMode":0,"name":"Shaded","section":"Shading Mode"},"sceneLighting":false,"audioPlay":false,"sceneViewState":{"showFog":true,"showMaterialUpdate":true,"showSkybox":false,"showFlares":true,"showImageEffects":true,"showParticleSystems":true},"in2DMode":false,"pivot":{"x":0.17806985974311829,"y":0.03700000047683716,"z":0.5352305173873901},"rotation":{"x":-0.07782673090696335,"y":0.31760406494140627,"z":-0.026192691177129747,"w":-0.9447411298751831},"size":0.8433055877685547,"orthographic":false}