{"cameraMode":{"drawMode":0,"name":"Shaded","section":"Shading Mode"},"sceneLighting":true,"audioPlay":false,"sceneViewState":{"showFog":true,"showMaterialUpdate":false,"showSkybox":true,"showFlares":true,"showImageEffects":true,"showParticleSystems":true},"in2DMode":false,"pivot":{"x":-4.276905059814453,"y":-30.10802459716797,"z":24.692893981933595},"rotation":{"x":-0.006758537143468857,"y":-0.9922053217887878,"z":0.10370948165655136,"w":-0.07096204161643982},"size":49.00628662109375,"orthographic":false}