{"cameraMode":{"drawMode":0,"name":"Shaded","section":"Shading Mode"},"sceneLighting":true,"audioPlay":false,"sceneViewState":{"showFog":true,"showMaterialUpdate":false,"showSkybox":true,"showFlares":true,"showImageEffects":true,"showParticleSystems":true},"in2DMode":false,"pivot":{"x":160.19869995117188,"y":34.55442428588867,"z":-99.97261810302735},"rotation":{"x":0.33186987042427065,"y":0.40854161977767947,"z":-0.16162575781345368,"w":0.8349896669387817},"size":40.09707260131836,"orthographic":false}