{"cameraMode":{"drawMode":0,"name":"Shaded","section":"Shading Mode"},"sceneLighting":true,"audioPlay":false,"sceneViewState":{"showFog":true,"showMaterialUpdate":false,"showSkybox":true,"showFlares":true,"showImageEffects":true,"showParticleSystems":true},"in2DMode":false,"pivot":{"x":18.066654205322267,"y":6.314393997192383,"z":-1.1673126220703126},"rotation":{"x":0.20814339816570283,"y":0.25762349367141726,"z":-0.05693371966481209,"w":0.9418423771858215},"size":13.227851867675782,"orthographic":false}