{"cameraMode":{"drawMode":0,"name":"Shaded","section":"Shading Mode"},"sceneLighting":true,"audioPlay":false,"sceneViewState":{"showFog":true,"showMaterialUpdate":false,"showSkybox":true,"showFlares":true,"showImageEffects":true,"showParticleSystems":true},"in2DMode":false,"pivot":{"x":-212.22169494628907,"y":-129.40415954589845,"z":503.8706359863281},"rotation":{"x":-0.12402093410491944,"y":0.21898964047431947,"z":-0.028070271015167238,"w":-0.9674286842346191},"size":266.97235107421877,"orthographic":false}