{"cameraMode":{"drawMode":0,"name":"Shaded","section":"Shading Mode"},"sceneLighting":true,"audioPlay":false,"sceneViewState":{"showFog":true,"showMaterialUpdate":false,"showSkybox":true,"showFlares":true,"showImageEffects":true,"showParticleSystems":true},"in2DMode":false,"pivot":{"x":-152.3733673095703,"y":29.129066467285158,"z":60.58844757080078},"rotation":{"x":0.0912695825099945,"y":-0.8369190096855164,"z":0.14711186289787293,"w":0.519236147403717},"size":45.62706756591797,"orthographic":false}