{"cameraMode":{"drawMode":0,"name":"Shaded","section":"Shading Mode"},"sceneLighting":false,"audioPlay":false,"sceneViewState":{"showFog":true,"showMaterialUpdate":true,"showSkybox":false,"showFlares":true,"showImageEffects":true,"showParticleSystems":true},"in2DMode":false,"pivot":{"x":-6.51666259765625,"y":0.5299999713897705,"z":-15.197795867919922},"rotation":{"x":-0.22168594598770142,"y":-0.09897603839635849,"z":0.022581085562705995,"w":-0.9698967337608337},"size":0.846016526222229,"orthographic":false}