{"cameraMode":{"drawMode":0,"name":"Shaded","section":"Shading Mode"},"sceneLighting":true,"audioPlay":false,"sceneViewState":{"showFog":true,"showMaterialUpdate":false,"showSkybox":true,"showFlares":true,"showImageEffects":true,"showParticleSystems":true},"in2DMode":false,"pivot":{"x":-2.1256484985351564,"y":-1.53602135181427,"z":22.38473892211914},"rotation":{"x":0.15683451294898988,"y":-0.7195174098014832,"z":0.16554702818393708,"w":0.6574445366859436},"size":6.928203105926514,"orthographic":false}