{"cameraMode":{"drawMode":0,"name":"Shaded","section":"Shading Mode"},"sceneLighting":true,"audioPlay":false,"sceneViewState":{"showFog":true,"showMaterialUpdate":false,"showSkybox":true,"showFlares":true,"showImageEffects":true,"showParticleSystems":true},"in2DMode":false,"pivot":{"x":22.87657928466797,"y":12.745884895324707,"z":29.451839447021486},"rotation":{"x":0.20655515789985658,"y":0.5039451122283936,"z":-0.131845161318779,"w":0.8283473253250122},"size":69.66380310058594,"orthographic":false}