{"cameraMode":{"drawMode":0,"name":"Shaded","section":"Shading Mode"},"sceneLighting":false,"audioPlay":false,"sceneViewState":{"showFog":true,"showMaterialUpdate":true,"showSkybox":false,"showFlares":true,"showImageEffects":true,"showParticleSystems":true},"in2DMode":false,"pivot":{"x":0.5359064340591431,"y":0.8523433208465576,"z":-0.3989354372024536},"rotation":{"x":-0.1423109918832779,"y":0.6033589243888855,"z":-0.1105843335390091,"w":-0.7769322991371155},"size":0.7473067045211792,"orthographic":false}