{"cameraMode":{"drawMode":0,"name":"Shaded","section":"Shading Mode"},"sceneLighting":false,"audioPlay":false,"sceneViewState":{"showFog":true,"showMaterialUpdate":false,"showSkybox":false,"showFlares":true,"showImageEffects":true,"showParticleSystems":true},"in2DMode":false,"pivot":{"x":-19.082626342773439,"y":24.455646514892579,"z":-15.944147109985352},"rotation":{"x":-0.15037314593791963,"y":0.31177428364753725,"z":-0.04487141966819763,"w":-0.937153697013855},"size":0.7319656610488892,"orthographic":false}