{"cameraMode":{"drawMode":0,"name":"Shaded","section":"Shading Mode"},"sceneLighting":false,"audioPlay":false,"sceneViewState":{"showFog":true,"showMaterialUpdate":true,"showSkybox":false,"showFlares":true,"showImageEffects":true,"showParticleSystems":true},"in2DMode":false,"pivot":{"x":-0.2768208682537079,"y":9.498497009277344,"z":7.3948564529418949},"rotation":{"x":0.2653101682662964,"y":-0.007229803595691919,"z":0.0020721349865198137,"w":0.9642537236213684},"size":7.190442085266113,"orthographic":false}