{"cameraMode":{"drawMode":0,"name":"Shaded","section":"Shading Mode"},"sceneLighting":false,"audioPlay":false,"sceneViewState":{"showFog":true,"showMaterialUpdate":true,"showSkybox":false,"showFlares":true,"showImageEffects":true,"showParticleSystems":true},"in2DMode":false,"pivot":{"x":-0.04799997806549072,"y":14.773186683654786,"z":0.309177964925766},"rotation":{"x":0.05600240081548691,"y":0.9281864166259766,"z":-0.15568770468235017,"w":0.33357617259025576},"size":0.7454942464828491,"orthographic":false}