{"cameraMode":{"drawMode":0,"name":"Shaded","section":"Shading Mode"},"sceneLighting":true,"audioPlay":false,"sceneViewState":{"showFog":true,"showMaterialUpdate":false,"showSkybox":true,"showFlares":true,"showImageEffects":true,"showParticleSystems":true},"in2DMode":false,"pivot":{"x":1.1615161895751954,"y":-0.5486769676208496,"z":-2.7681894302368166},"rotation":{"x":0.14829044044017793,"y":-0.294761598110199,"z":0.04635949060320854,"w":0.9428555965423584},"size":3.774149179458618,"orthographic":false}