{"cameraMode":{"drawMode":0,"name":"Shaded","section":"Shading Mode"},"sceneLighting":false,"audioPlay":false,"sceneViewState":{"showFog":true,"showMaterialUpdate":true,"showSkybox":false,"showFlares":true,"showImageEffects":true,"showParticleSystems":true},"in2DMode":false,"pivot":{"x":-0.9390363097190857,"y":12.42654800415039,"z":1.3036186695098878},"rotation":{"x":-0.21899478137493134,"y":0.5022155046463013,"z":-0.13321733474731446,"w":-0.8259772062301636},"size":1.5757761001586915,"orthographic":false}