{"cameraMode":{"drawMode":0,"name":"Shaded","section":"Shading Mode"},"sceneLighting":false,"audioPlay":false,"sceneViewState":{"showFog":true,"showMaterialUpdate":true,"showSkybox":false,"showFlares":true,"showImageEffects":true,"showParticleSystems":true},"in2DMode":false,"pivot":{"x":-1.664473533630371,"y":17.537147521972658,"z":0.2855270504951477},"rotation":{"x":-0.19458040595054627,"y":0.3476076126098633,"z":-0.0740266963839531,"w":-0.9143251776695252},"size":10.0,"orthographic":false}