{"cameraMode":{"drawMode":0,"name":"Shaded","section":"Shading Mode"},"sceneLighting":true,"audioPlay":false,"sceneViewState":{"showFog":true,"showMaterialUpdate":false,"showSkybox":true,"showFlares":true,"showImageEffects":true,"showParticleSystems":true},"in2DMode":false,"pivot":{"x":-139.37408447265626,"y":-87.21597290039063,"z":99.53520202636719},"rotation":{"x":0.3631243109703064,"y":-0.47936373949050906,"z":0.22123534977436067,"w":0.7684966325759888},"size":85.3941421508789,"orthographic":false}