{"cameraMode":{"drawMode":0,"name":"Shaded","section":"Shading Mode"},"sceneLighting":false,"audioPlay":false,"sceneViewState":{"showFog":true,"showMaterialUpdate":false,"showSkybox":false,"showFlares":true,"showImageEffects":true,"showParticleSystems":true},"in2DMode":false,"pivot":{"x":12.020123481750489,"y":58.71428680419922,"z":-37.77815246582031},"rotation":{"x":0.35453617572784426,"y":0.018453050404787065,"z":-0.008203640580177307,"w":0.9351612329483032},"size":0.9354143738746643,"orthographic":false}