{"cameraMode":{"drawMode":0,"name":"Shaded","section":"Shading Mode"},"sceneLighting":false,"audioPlay":false,"sceneViewState":{"showFog":true,"showMaterialUpdate":true,"showSkybox":false,"showFlares":true,"showImageEffects":true,"showParticleSystems":true},"in2DMode":false,"pivot":{"x":-1.067664384841919,"y":-0.23803763091564179,"z":-10.862802505493164},"rotation":{"x":-0.03674207627773285,"y":0.9560806155204773,"z":-0.13689066469669343,"w":-0.2568857669830322},"size":1.6131963729858399,"orthographic":false}