{"cameraMode":{"drawMode":0,"name":"Shaded","section":"Shading Mode"},"sceneLighting":false,"audioPlay":false,"sceneViewState":{"showFog":true,"showMaterialUpdate":true,"showSkybox":false,"showFlares":true,"showImageEffects":true,"showParticleSystems":true},"in2DMode":false,"pivot":{"x":0.783170223236084,"y":0.3705751895904541,"z":-13.569875717163086},"rotation":{"x":-0.2241183966398239,"y":0.7706629633903503,"z":-0.3677746653556824,"w":-0.46987539529800417},"size":1.9978679418563843,"orthographic":false}