{"cameraMode":{"drawMode":0,"name":"Shaded","section":"Shading Mode"},"sceneLighting":true,"audioPlay":false,"sceneViewState":{"showFog":true,"showMaterialUpdate":false,"showSkybox":true,"showFlares":true,"showImageEffects":true,"showParticleSystems":true},"in2DMode":false,"pivot":{"x":-202.15098571777345,"y":57.523563385009769,"z":-45.99308395385742},"rotation":{"x":-0.18139663338661195,"y":0.2326626181602478,"z":-0.04421837255358696,"w":-0.954472005367279},"size":4.46217679977417,"orthographic":false}