{"cameraMode":{"drawMode":0,"name":"Shaded","section":"Shading Mode"},"sceneLighting":true,"audioPlay":false,"sceneViewState":{"showFog":true,"showMaterialUpdate":false,"showSkybox":true,"showFlares":true,"showImageEffects":true,"showParticleSystems":true},"in2DMode":false,"pivot":{"x":368.0764465332031,"y":-552.8084716796875,"z":669.2437744140625},"rotation":{"x":-0.2979978322982788,"y":-0.2454657405614853,"z":0.07969693839550019,"w":-0.9192765951156616},"size":808.37255859375,"orthographic":false}