{"cameraMode":{"drawMode":0,"name":"Shaded","section":"Shading Mode"},"sceneLighting":true,"audioPlay":false,"sceneViewState":{"showFog":true,"showMaterialUpdate":false,"showSkybox":true,"showFlares":true,"showImageEffects":true,"showParticleSystems":true},"in2DMode":false,"pivot":{"x":-36.571205139160159,"y":35.2014274597168,"z":55.432151794433597},"rotation":{"x":-0.25148826837539675,"y":-0.17789055407047273,"z":0.0482877716422081,"w":-0.9504120945930481},"size":11.222490310668946,"orthographic":false}