{"cameraMode":{"drawMode":0,"name":"Shaded","section":"Shading Mode"},"sceneLighting":false,"audioPlay":false,"sceneViewState":{"showFog":true,"showMaterialUpdate":true,"showSkybox":false,"showFlares":true,"showImageEffects":true,"showParticleSystems":true},"in2DMode":false,"pivot":{"x":-2.012873888015747,"y":14.765645027160645,"z":-0.01591506600379944},"rotation":{"x":0.1974923312664032,"y":0.5810262560844421,"z":-0.1479296088218689,"w":0.775700032711029},"size":0.7454942464828491,"orthographic":false}