{"cameraMode":{"drawMode":0,"name":"Shaded","section":"Shading Mode"},"sceneLighting":true,"audioPlay":false,"sceneViewState":{"showFog":true,"showMaterialUpdate":false,"showSkybox":true,"showFlares":true,"showImageEffects":true,"showParticleSystems":true},"in2DMode":false,"pivot":{"x":-46.281490325927737,"y":28.53058433532715,"z":12.353774070739746},"rotation":{"x":0.05634579434990883,"y":0.7459849119186401,"z":-0.06339828670024872,"w":0.6608763337135315},"size":0.010705315507948399,"orthographic":false}