{"cameraMode":{"drawMode":0,"name":"Shaded","section":"Shading Mode"},"sceneLighting":false,"audioPlay":false,"sceneViewState":{"showFog":true,"showMaterialUpdate":false,"showSkybox":false,"showFlares":true,"showImageEffects":true,"showParticleSystems":true},"in2DMode":false,"pivot":{"x":-39.297237396240237,"y":14.658968925476075,"z":-29.55215072631836},"rotation":{"x":-0.21196840703487397,"y":-0.45278507471084597,"z":0.11275794357061386,"w":-0.8589858412742615},"size":-1.1892945766448975,"orthographic":false}