{"cameraMode":{"drawMode":0,"name":"Shaded","section":"Shading Mode"},"sceneLighting":true,"audioPlay":false,"sceneViewState":{"showFog":true,"showMaterialUpdate":false,"showSkybox":true,"showFlares":true,"showImageEffects":true,"showParticleSystems":true},"in2DMode":false,"pivot":{"x":20.43874168395996,"y":0.8600782155990601,"z":55.63328552246094},"rotation":{"x":0.03227796405553818,"y":0.9673691987991333,"z":-0.17761792242527009,"w":0.17847371101379395},"size":2.9154982566833498,"orthographic":false}