{"cameraMode":{"drawMode":0,"name":"Shaded","section":"Shading Mode"},"sceneLighting":true,"audioPlay":false,"sceneViewState":{"showFog":true,"showMaterialUpdate":false,"showSkybox":true,"showFlares":true,"showImageEffects":true,"showParticleSystems":true},"in2DMode":false,"pivot":{"x":-52.43134307861328,"y":12.313304901123047,"z":-79.81462860107422},"rotation":{"x":0.030871164053678514,"y":0.1913919746875763,"z":-0.006295857485383749,"w":0.9813540577888489},"size":0.6607050895690918,"orthographic":false}