{"cameraMode":{"drawMode":0,"name":"Shaded","section":"Shading Mode"},"sceneLighting":true,"audioPlay":false,"sceneViewState":{"showFog":true,"showMaterialUpdate":false,"showSkybox":true,"showFlares":true,"showImageEffects":true,"showParticleSystems":true},"in2DMode":false,"pivot":{"x":-88.20323944091797,"y":16.906604766845704,"z":-11.328788757324219},"rotation":{"x":0.08497492223978043,"y":0.7606630325317383,"z":-0.1016763225197792,"w":0.6355065107345581},"size":20.39393424987793,"orthographic":false}