{"cameraMode":{"drawMode":0,"name":"Shaded","section":"Shading Mode"},"sceneLighting":false,"audioPlay":false,"sceneViewState":{"showFog":true,"showMaterialUpdate":true,"showSkybox":false,"showFlares":true,"showImageEffects":true,"showParticleSystems":true},"in2DMode":false,"pivot":{"x":1.024336338043213,"y":0.2668413519859314,"z":-9.722282409667969},"rotation":{"x":-0.09562988579273224,"y":0.8614184260368347,"z":-0.17661646008491517,"w":-0.466677725315094},"size":1.7856618165969849,"orthographic":false}