{"cameraMode":{"drawMode":0,"name":"Shaded","section":"Shading Mode"},"sceneLighting":false,"audioPlay":false,"sceneViewState":{"showFog":true,"showMaterialUpdate":false,"showSkybox":false,"showFlares":true,"showImageEffects":true,"showParticleSystems":true},"in2DMode":false,"pivot":{"x":8.06186294555664,"y":4.337068557739258,"z":0.07026433944702149},"rotation":{"x":0.0704684928059578,"y":0.8325932025909424,"z":-0.1182338297367096,"w":0.5365319848060608},"size":0.830826461315155,"orthographic":false}