{"cameraMode":{"drawMode":0,"name":"Shaded","section":"Shading Mode"},"sceneLighting":false,"audioPlay":false,"sceneViewState":{"showFog":true,"showMaterialUpdate":false,"showSkybox":false,"showFlares":true,"showImageEffects":true,"showParticleSystems":true},"in2DMode":false,"pivot":{"x":-15.544676780700684,"y":10.591822624206543,"z":3.6329782009124758},"rotation":{"x":-0.0905875638127327,"y":-0.8986121416091919,"z":0.23239940404891969,"w":-0.36278414726257326},"size":6.7360968589782719,"orthographic":false}