{"cameraMode":{"drawMode":0,"name":"Shaded","section":"Shading Mode"},"sceneLighting":false,"audioPlay":false,"sceneViewState":{"showFog":true,"showMaterialUpdate":false,"showSkybox":false,"showFlares":true,"showImageEffects":true,"showParticleSystems":true},"in2DMode":false,"pivot":{"x":-0.003736145794391632,"y":0.20282700657844544,"z":-0.001962989568710327},"rotation":{"x":-0.0352175235748291,"y":0.141190305352211,"z":-0.00378418224863708,"w":-0.9896085858345032},"size":0.9289462566375732,"orthographic":false}