{"cameraMode":{"drawMode":0,"name":"Shaded","section":"Shading Mode"},"sceneLighting":false,"audioPlay":false,"sceneViewState":{"showFog":true,"showMaterialUpdate":true,"showSkybox":false,"showFlares":true,"showImageEffects":true,"showParticleSystems":true},"in2DMode":false,"pivot":{"x":21.429067611694337,"y":3.4320473670959474,"z":-29.126523971557618},"rotation":{"x":-0.039369918406009677,"y":0.4104311168193817,"z":-0.017764924094080926,"w":-0.9109528660774231},"size":0.27314293384552,"orthographic":false}