{"cameraMode":{"drawMode":0,"name":"Shaded","section":"Shading Mode"},"sceneLighting":true,"audioPlay":false,"sceneViewState":{"showFog":true,"showMaterialUpdate":false,"showSkybox":true,"showFlares":true,"showImageEffects":true,"showParticleSystems":true},"in2DMode":false,"pivot":{"x":-246.31158447265626,"y":-51.247215270996097,"z":52.03482437133789},"rotation":{"x":0.13607922196388246,"y":-0.773768961429596,"z":0.17732694745063783,"w":0.5936554074287415},"size":135.66920471191407,"orthographic":false}