{"cameraMode":{"drawMode":0,"name":"Shaded","section":"Shading Mode"},"sceneLighting":false,"audioPlay":false,"sceneViewState":{"showFog":true,"showMaterialUpdate":false,"showSkybox":false,"showFlares":true,"showImageEffects":true,"showParticleSystems":true},"in2DMode":false,"pivot":{"x":-1.4578555822372437,"y":0.4728454053401947,"z":-22.987529754638673},"rotation":{"x":0.29476454854011538,"y":-0.3663167953491211,"z":0.1188335120677948,"w":0.8745310306549072},"size":0.9662792086601257,"orthographic":false}