{"cameraMode":{"drawMode":0,"name":"Shaded","section":"Shading Mode"},"sceneLighting":false,"audioPlay":false,"sceneViewState":{"showFog":true,"showMaterialUpdate":true,"showSkybox":false,"showFlares":true,"showImageEffects":true,"showParticleSystems":true},"in2DMode":false,"pivot":{"x":-0.159430131316185,"y":-0.050000011920928958,"z":0.6589391827583313},"rotation":{"x":-0.24852460622787476,"y":0.18916137516498567,"z":-0.049617789685726169,"w":-0.9487633109092712},"size":0.8648622035980225,"orthographic":false}