{"cameraMode":{"drawMode":0,"name":"Shaded","section":"Shading Mode"},"sceneLighting":false,"audioPlay":false,"sceneViewState":{"showFog":true,"showMaterialUpdate":true,"showSkybox":false,"showFlares":true,"showImageEffects":true,"showParticleSystems":true},"in2DMode":false,"pivot":{"x":-0.764534056186676,"y":15.596139907836914,"z":-4.185911655426025},"rotation":{"x":0.3294191360473633,"y":0.05744471400976181,"z":-0.020073603838682176,"w":0.9423199892044067},"size":0.7454942464828491,"orthographic":false}