{"cameraMode":{"drawMode":0,"name":"Shaded","section":"Shading Mode"},"sceneLighting":false,"audioPlay":false,"sceneViewState":{"showFog":true,"showMaterialUpdate":false,"showSkybox":false,"showFlares":true,"showImageEffects":true,"showParticleSystems":true},"in2DMode":false,"pivot":{"x":48.36000061035156,"y":3.0,"z":-19.100000381469728},"rotation":{"x":0.18383541703224183,"y":-0.05910784378647804,"z":0.009944773279130459,"w":0.9814469218254089},"size":0.9354143738746643,"orthographic":false}