{"cameraMode":{"drawMode":0,"name":"Shaded","section":"Shading Mode"},"sceneLighting":false,"audioPlay":false,"sceneViewState":{"showFog":true,"showMaterialUpdate":true,"showSkybox":false,"showFlares":true,"showImageEffects":true,"showParticleSystems":true},"in2DMode":false,"pivot":{"x":0.03502964973449707,"y":13.84865665435791,"z":-2.3848466873168947},"rotation":{"x":-0.16523608565330506,"y":0.47709986567497256,"z":-0.0919007733464241,"w":-0.8583645820617676},"size":2.4566662311553957,"orthographic":false}