{"cameraMode":{"drawMode":0,"name":"Shaded","section":"Shading Mode"},"sceneLighting":true,"audioPlay":false,"sceneViewState":{"showFog":true,"showMaterialUpdate":false,"showSkybox":true,"showFlares":true,"showImageEffects":true,"showParticleSystems":true},"in2DMode":false,"pivot":{"x":-89.62360382080078,"y":6.288821697235107,"z":45.47351837158203},"rotation":{"x":0.008893873542547226,"y":-0.9866147637367249,"z":0.15603438019752503,"w":0.05077320337295532},"size":8.61770248413086,"orthographic":false}