{"cameraMode":{"drawMode":0,"name":"Shaded","section":"Shading Mode"},"sceneLighting":true,"audioPlay":false,"sceneViewState":{"showFog":true,"showMaterialUpdate":false,"showSkybox":true,"showFlares":true,"showImageEffects":true,"showParticleSystems":true},"in2DMode":false,"pivot":{"x":-46.73554611206055,"y":8.393632888793946,"z":-44.05344772338867},"rotation":{"x":0.053186360746622089,"y":-0.7779048681259155,"z":-0.06422868371009827,"w":-0.6244317889213562},"size":0.9765794277191162,"orthographic":false}