{"cameraMode":{"drawMode":0,"name":"Shaded","section":"Shading Mode"},"sceneLighting":true,"audioPlay":false,"sceneViewState":{"showFog":true,"showMaterialUpdate":false,"showSkybox":true,"showFlares":true,"showImageEffects":true,"showParticleSystems":true},"in2DMode":false,"pivot":{"x":16.630783081054689,"y":4.20199728012085,"z":5.744407653808594},"rotation":{"x":0.054608359932899478,"y":0.20373877882957459,"z":-0.011383752338588238,"w":0.9774463176727295},"size":5.538305759429932,"orthographic":false}