{"cameraMode":{"drawMode":0,"name":"Shaded","section":"Shading Mode"},"sceneLighting":false,"audioPlay":false,"sceneViewState":{"showFog":true,"showMaterialUpdate":true,"showSkybox":false,"showFlares":true,"showImageEffects":true,"showParticleSystems":true},"in2DMode":false,"pivot":{"x":-4.0872297286987309,"y":15.303072929382325,"z":-1.1520459651947022},"rotation":{"x":0.18949437141418458,"y":0.5937108397483826,"z":-0.1464260369539261,"w":0.7683402895927429},"size":0.7454942464828491,"orthographic":false}