{"cameraMode":{"drawMode":0,"name":"Shaded","section":"Shading Mode"},"sceneLighting":false,"audioPlay":false,"sceneViewState":{"showFog":true,"showMaterialUpdate":false,"showSkybox":false,"showFlares":true,"showImageEffects":true,"showParticleSystems":true},"in2DMode":false,"pivot":{"x":51.29999923706055,"y":3.0,"z":-19.100000381469728},"rotation":{"x":-0.09683097898960114,"y":0.8977251648902893,"z":-0.2473035752773285,"w":-0.35150280594825747},"size":0.9354143738746643,"orthographic":false}