{"cameraMode":{"drawMode":0,"name":"Shaded","section":"Shading Mode"},"sceneLighting":true,"audioPlay":false,"sceneViewState":{"showFog":true,"showMaterialUpdate":false,"showSkybox":true,"showFlares":true,"showImageEffects":true,"showParticleSystems":true},"in2DMode":false,"pivot":{"x":13.427194595336914,"y":60.18682098388672,"z":-38.33594512939453},"rotation":{"x":-0.25387924909591677,"y":0.5410652756690979,"z":-0.17559418082237245,"w":-0.7822878956794739},"size":0.3605899512767792,"orthographic":false}