{"cameraMode":{"drawMode":0,"name":"Shaded","section":"Shading Mode"},"sceneLighting":false,"audioPlay":false,"sceneViewState":{"showFog":true,"showMaterialUpdate":false,"showSkybox":false,"showFlares":true,"showImageEffects":true,"showParticleSystems":true},"in2DMode":false,"pivot":{"x":8.325824737548829,"y":8.175642967224121,"z":4.587210655212402},"rotation":{"x":-0.18918214738368989,"y":0.5346961617469788,"z":-0.12424355745315552,"w":-0.8141719698905945},"size":0.3605898916721344,"orthographic":false}