{"cameraMode":{"drawMode":0,"name":"Shaded","section":"Shading Mode"},"sceneLighting":false,"audioPlay":false,"sceneViewState":{"showFog":true,"showMaterialUpdate":false,"showSkybox":false,"showFlares":true,"showImageEffects":true,"showParticleSystems":true},"in2DMode":false,"pivot":{"x":12.020123481750489,"y":58.71428680419922,"z":-37.77815246582031},"rotation":{"x":-0.25387924909591677,"y":0.5410652756690979,"z":-0.17559418082237245,"w":-0.7822878956794739},"size":0.9354143738746643,"orthographic":false}