{"cameraMode":{"drawMode":0,"name":"Shaded","section":"Shading Mode"},"sceneLighting":true,"audioPlay":false,"sceneViewState":{"showFog":true,"showMaterialUpdate":false,"showSkybox":true,"showFlares":true,"showImageEffects":true,"showParticleSystems":true},"in2DMode":false,"pivot":{"x":-75.1552734375,"y":31.121688842773439,"z":10.511360168457032},"rotation":{"x":-0.42705705761909487,"y":-0.017087429761886598,"z":0.008079715073108673,"w":-0.9040534496307373},"size":93.17396545410156,"orthographic":false}