{"cameraMode":{"drawMode":0,"name":"Shaded","section":"Shading Mode"},"sceneLighting":true,"audioPlay":false,"sceneViewState":{"showFog":true,"showMaterialUpdate":false,"showSkybox":true,"showFlares":true,"showImageEffects":true,"showParticleSystems":true},"in2DMode":false,"pivot":{"x":1.7078660726547242,"y":2.232680320739746,"z":-1.2466843128204346},"rotation":{"x":-0.363664835691452,"y":-0.3747583329677582,"z":0.16280058026313783,"w":-0.8371620178222656},"size":8.302874565124512,"orthographic":false}