{"cameraMode":{"drawMode":0,"name":"Shaded","section":"Shading Mode"},"sceneLighting":true,"audioPlay":false,"sceneViewState":{"showFog":true,"showMaterialUpdate":false,"showSkybox":true,"showFlares":true,"showImageEffects":true,"showParticleSystems":true},"in2DMode":false,"pivot":{"x":5.354695796966553,"y":7.9932637214660648,"z":-4.476662635803223},"rotation":{"x":-0.3247263729572296,"y":0.4863033592700958,"z":-0.20092764496803285,"w":-0.7859364151954651},"size":0.9354143738746643,"orthographic":false}